-- MySQL dump 10.13  Distrib 8.0.19, for Win64 (x86_64)
--
-- Host: 127.0.0.1    Database: consumables
-- ------------------------------------------------------
-- Server version	5.5.5-10.11.8-MariaDB-0ubuntu0.24.04.1-log

/*!40101 SET @OLD_CHARACTER_SET_CLIENT=@@CHARACTER_SET_CLIENT */;
/*!40101 SET @OLD_CHARACTER_SET_RESULTS=@@CHARACTER_SET_RESULTS */;
/*!40101 SET @OLD_COLLATION_CONNECTION=@@COLLATION_CONNECTION */;
/*!50503 SET NAMES utf8mb4 */;
/*!40103 SET @OLD_TIME_ZONE=@@TIME_ZONE */;
/*!40103 SET TIME_ZONE='+00:00' */;
/*!40014 SET @OLD_UNIQUE_CHECKS=@@UNIQUE_CHECKS, UNIQUE_CHECKS=0 */;
/*!40014 SET @OLD_FOREIGN_KEY_CHECKS=@@FOREIGN_KEY_CHECKS, FOREIGN_KEY_CHECKS=0 */;
/*!40101 SET @OLD_SQL_MODE=@@SQL_MODE, SQL_MODE='NO_AUTO_VALUE_ON_ZERO' */;
/*!40111 SET @OLD_SQL_NOTES=@@SQL_NOTES, SQL_NOTES=0 */;

--
-- Table structure for table `requeststocktemp`
--

DROP TABLE IF EXISTS `requeststocktemp`;
/*!40101 SET @saved_cs_client     = @@character_set_client */;
/*!50503 SET character_set_client = utf8mb4 */;
CREATE TABLE `requeststocktemp` (
  `request_temp_id` int(20) NOT NULL AUTO_INCREMENT,
  `ris_no` varchar(200) DEFAULT NULL,
  `stock_id` varchar(200) CHARACTER SET latin1 COLLATE latin1_swedish_ci DEFAULT NULL,
  `division` varchar(200) CHARACTER SET latin1 COLLATE latin1_swedish_ci DEFAULT NULL,
  `sku` varchar(200) CHARACTER SET latin1 COLLATE latin1_swedish_ci DEFAULT NULL,
  `product` varchar(200) CHARACTER SET latin1 COLLATE latin1_swedish_ci DEFAULT NULL,
  `description` varchar(200) CHARACTER SET latin1 COLLATE latin1_swedish_ci DEFAULT NULL,
  `amount` varchar(200) CHARACTER SET latin1 COLLATE latin1_swedish_ci DEFAULT NULL,
  `count` varchar(200) CHARACTER SET latin1 COLLATE latin1_swedish_ci DEFAULT NULL,
  `requested_by` varchar(200) CHARACTER SET latin1 COLLATE latin1_swedish_ci DEFAULT NULL,
  `timestamp` varchar(200) CHARACTER SET latin1 COLLATE latin1_swedish_ci DEFAULT NULL,
  `status` varchar(200) CHARACTER SET latin1 COLLATE latin1_swedish_ci DEFAULT NULL,
  PRIMARY KEY (`request_temp_id`)
) ENGINE=InnoDB AUTO_INCREMENT=111 DEFAULT CHARSET=utf8mb4 COLLATE=utf8mb4_unicode_ci;
/*!40101 SET character_set_client = @saved_cs_client */;

--
-- Dumping data for table `requeststocktemp`
--

LOCK TABLES `requeststocktemp` WRITE;
/*!40000 ALTER TABLE `requeststocktemp` DISABLE KEYS */;
INSERT INTO `requeststocktemp` VALUES (43,'2025-02-001','3',NULL,'PPMU-2023-03','Binder clips, 19mm','Binder clips, 19mm','8.76','10','AD-PS','February 7, 2025 9:17:am  ','Completed'),(44,'2025-02-001','2',NULL,'PPMU-2023-02','Battery AAA Eveready','Battery AAA Eveready','19.7','1','AD-PS','February 7, 2025 9:18:am  ','Completed'),(46,'2025-02-005','2',NULL,'PPMU-2023-02','Battery AAA Eveready','Battery AAA Eveready','19.7','1','COA-COA','February 7, 2025 9:21:am  ','Completed'),(47,'2025-02-005','3',NULL,'PPMU-2023-03','Binder clips, 19mm','Binder clips, 19mm','8.76','5','COA-COA','February 7, 2025 9:21:am  ','Completed'),(48,'2025-02-002','5',NULL,'PPMU-2023-05','Bond paper with DENR letterhead, Legal size (new format)','Bond paper with DENR letterhead, Legal size (new format)','1200','1','AD-OAD','February 7, 2025 9:21:am  ','For Delivery'),(49,'2025-02-003','3',NULL,'PPMU-2023-03','Binder clips, 19mm','Binder clips, 19mm','8.76','20','MEO-W','February 7, 2025 9:22:am  ','Completed'),(50,'2025-02-004','4',NULL,'PPMU-2023-04','Bond paper with DENR letterhead, A4 size (new format)','Bond paper with DENR letterhead, A4 size (new format)','1000','5','AD-GSS','February 7, 2025 9:23:am  ','Completed'),(51,'2025-02-004','16',NULL,'PPMU-2023-16','Envelope brown, Legal size','Envelope brown, Legal size','0','10','AD-GSS','February 7, 2025 9:23:am  ','Completed'),(52,'2025-02-007','4',NULL,'PPMU-2023-04','Bond paper with DENR letterhead, A4 size (new format)','Bond paper with DENR letterhead, A4 size (new format)','1000','3','LD-OLD','February 7, 2025 9:23:am  ','Completed'),(53,'2025-02-004','28',NULL,'PPMU-2023-28','Highlighter green','Highlighter green','325','1','AD-GSS','February 7, 2025 9:24:am  ','Completed'),(54,'2025-02-007','3',NULL,'PPMU-2023-03','Binder clips, 19mm','Binder clips, 19mm','8.76','1','LD-OLD','February 7, 2025 9:24:am  ','Completed'),(55,'2025-02-006','27',NULL,'PPMU-2023-27','Highlighter yellow','Highlighter yellow','325','5','AD-CASH','February 7, 2025 9:24:am  ','Completed'),(57,'2025-02-023','99',NULL,'PPMU-2023-102','Anti-virus, Kaspersky, 5 Devices, 2-year protection (EMED)','Anti-virus, Kaspersky, 5 Devices, 2-year protection (EMED)','1850','1','ORED-RSCIG','February 7, 2025 9:25:am  ','Completed'),(61,'2025-02-009','64',NULL,'PPMU-2023-64','Stamp pad ink','Stamp pad ink','36.3','1','ORED-ORED','February 7, 2025 9:28:am  ','For Delivery'),(86,'2025-02-008','30',NULL,'PPMU-2023-30','Folder, L-type, A4 size, 216mm x 304mm, 50/pack','Folder, L-type, A4 size, 216mm x 304mm, 50/pack','265','1','PMDS-PPS','February 7, 2025 9:32:am  ','Completed'),(87,'2025-02-010','4',NULL,'PPMU-2023-04','Bond paper with DENR letterhead, A4 size (new format)','Bond paper with DENR letterhead, A4 size (new format)','1000','20','FD-BUDGET','February 7, 2025 9:32:am  ','Completed'),(88,'2025-02-011','16',NULL,'PPMU-2023-16','Envelope brown, Legal size','Envelope brown, Legal size','0','99','PMD-RICTU','February 7, 2025 9:33:am  ','Completed'),(89,'2025-02-012','31',NULL,'PPMU-2023-31','Folder, tagboard, A4 size','Folder, tagboard, A4 size','265','2','PMDS-PPS','February 7, 2025 9:33:am  ','Completed'),(90,'2025-02-013','13',NULL,'PPMU-2023-13','Correction tape, 4.5m','Correction tape, 4.5m','330','5','FD-BUDGET','February 7, 2025 9:33:am  ','Completed'),(91,'2025-02-014','99',NULL,'PPMU-2023-102','Anti-virus, Kaspersky, 5 Devices, 2-year protection (EMED)','Anti-virus, Kaspersky, 5 Devices, 2-year protection (EMED)','1850','5','AD-PERSONNEL','February 7, 2025 9:33:am  ','For Delivery'),(92,'2025-02-015','96',NULL,'PPMU-2023-99','Toner cartridge, MP2501 (for photocopier)','Toner cartridge, MP2501 (for photocopier)','930.8','21','AD-PERSONNEL','February 7, 2025 9:33:am  ','For Delivery'),(93,'2025-02-016','3',NULL,'PPMU-2023-03','Binder clips, 19mm','Binder clips, 19mm','8.76','15','FD-BUDGET','February 7, 2025 9:33:am  ','Completed'),(94,'2025-02-017','95',NULL,'PPMU-2023-98','Toner cartridge, LEXMARK, 58D3H00 (ORD-PISMU)','Toner cartridge, LEXMARK, 58D3H00 (ORD-PISMU)','59.28','2','AD-PERSONNEL','February 7, 2025 9:33:am  ','For Delivery'),(95,'2025-02-018','152',NULL,'PPMU-2023-159','Mavic Pro Drone','Mavic Pro Drone','0','1','PMD-RICTU','February 7, 2025 9:34:am  ','Completed'),(96,'2025-02-019','92',NULL,'PPMU-2023-95','Toner cartridge, HP CE285AC, black (EMED-CHWMS)','Toner cartridge, HP CE285AC, black (EMED-CHWMS)','151.43','9','AD-PERSONNEL','February 7, 2025 9:34:am  ','For Delivery'),(97,'2025-02-020','99',NULL,'PPMU-2023-102','Anti-virus, Kaspersky, 5 Devices, 2-year protection (EMED)','Anti-virus, Kaspersky, 5 Devices, 2-year protection (EMED)','1850','1','PMDS-PPS','February 7, 2025 9:34:am  ','Completed'),(98,'2025-02-021','90',NULL,'PPMU-2023-93','Toner cartridge, HP CB435A, black','Toner cartridge, HP CB435A, black','90.22','12','AD-PERSONNEL','February 7, 2025 9:34:am  ','For Delivery'),(99,'2025-02-022','89',NULL,'PPMU-2023-91','Toner cartridge, HP202A, CF503A magenta (ORD-PISMU1)','Toner cartridge, HP202A, CF503A magenta (ORD-PISMU1)','255','12','AD-PERSONNEL','February 7, 2025 9:34:am  ','For Delivery'),(100,'2025-02-024','3',NULL,'PPMU-2023-03','Binder clips, 19mm','Binder clips, 19mm','8.76','15','AD-CASH','February 7, 2025 9:39:am  ','Completed'),(101,'2025-02-025','32',NULL,'PPMU-2023-32','Glue, all purpose (8-13-2021)','Glue, all purpose (8-13-2021)','265','5','AD-HRDS','February 7, 2025 9:39:am  ','For Delivery'),(103,'2025-02-026','30',NULL,'PPMU-2023-30','Folder, L-type, A4 size, 216mm x 304mm, 50/pack','Folder, L-type, A4 size, 216mm x 304mm, 50/pack','265','2','ORED-ORED','February 7, 2025 9:53:am  ','For Delivery'),(104,'2025-02-028','28',NULL,'PPMU-2023-28','Highlighter green','Highlighter green','325','5','FD-BUDGET','February 7, 2025 9:57:am  ','Completed'),(105,'2025-02-028','50',NULL,'PPMU-2023-50','Pencil','Pencil','4115','2','FD-BUDGET','February 7, 2025 9:58:am  ','Completed'),(106,'2025-02-027','5',NULL,'PPMU-2023-05','Bond paper with DENR letterhead, Legal size (new format)','Bond paper with DENR letterhead, Legal size (new format)','1200','10','AD-PS','February 7, 2025 10:02:am  ','For Delivery'),(110,'2025-02-029','1',NULL,'PPMU-2023-01','Official Receipt','Official Receipt','100','3','COA-COA','February 7, 2025 10:30:am  ','For Delivery');
/*!40000 ALTER TABLE `requeststocktemp` ENABLE KEYS */;
UNLOCK TABLES;

--
-- Table structure for table `stock`
--

DROP TABLE IF EXISTS `stock`;
/*!40101 SET @saved_cs_client     = @@character_set_client */;
/*!50503 SET character_set_client = utf8mb4 */;
CREATE TABLE `stock` (
  `stock_id` int(20) NOT NULL AUTO_INCREMENT,
  `engas_id` varchar(200) DEFAULT NULL,
  `sku` varchar(200) CHARACTER SET latin1 COLLATE latin1_swedish_ci DEFAULT NULL,
  `product` varchar(200) CHARACTER SET latin1 COLLATE latin1_swedish_ci DEFAULT NULL,
  `description` varchar(200) CHARACTER SET latin1 COLLATE latin1_swedish_ci DEFAULT NULL,
  `rate` varchar(200) CHARACTER SET latin1 COLLATE latin1_swedish_ci DEFAULT NULL,
  `unit` varchar(200) CHARACTER SET latin1 COLLATE latin1_swedish_ci DEFAULT NULL,
  `threshold` varchar(200) CHARACTER SET latin1 COLLATE latin1_swedish_ci DEFAULT NULL,
  `amount` varchar(200) CHARACTER SET latin1 COLLATE latin1_swedish_ci DEFAULT NULL,
  `wish` varchar(200) CHARACTER SET latin1 COLLATE latin1_swedish_ci DEFAULT NULL,
  PRIMARY KEY (`stock_id`)
) ENGINE=InnoDB AUTO_INCREMENT=154 DEFAULT CHARSET=utf8mb4 COLLATE=utf8mb4_unicode_ci;
/*!40101 SET character_set_client = @saved_cs_client */;

--
-- Dumping data for table `stock`
--

LOCK TABLES `stock` WRITE;
/*!40000 ALTER TABLE `stock` DISABLE KEYS */;
INSERT INTO `stock` VALUES (1,NULL,'PPMU-2023-01','Official Receipt','Official Receipt','52','book','50','100',''),(2,NULL,'PPMU-2023-02','Battery AAA Eveready','Battery AAA Eveready','2','pc','2','19.7','ORED-RSCIG'),(3,NULL,'PPMU-2023-03','Binder clips, 19mm','Binder clips, 19mm','4','box','3','8.76',''),(4,NULL,'PPMU-2023-04','Bond paper with DENR letterhead, A4 size (new format)','Bond paper with DENR letterhead, A4 size (new format)','22','ream','10','1000',''),(5,NULL,'PPMU-2023-05','Bond paper with DENR letterhead, Legal size (new format)','Bond paper with DENR letterhead, Legal size (new format)','89','ream','10','1200',''),(6,NULL,'PPMU-2023-06','Carbon film, A4 size','Carbon film, A4 size','100','pack','100','221','AD-PS'),(7,NULL,'PPMU-2023-07','Card case, A3, 115 x 92mm','Card case, A3, 115 x 92mm','1','pc','1','5','AD-PS'),(8,NULL,'PPMU-2023-08','Cartolina, assorted colors','Cartolina, assorted colors','1','pc','50','3.67','FD-BUDGET'),(9,NULL,'PPMU-2023-09','Clearbook, A4 size','Clearbook, A4 size','5','pc','5','39.78','COA-COA'),(10,NULL,'PPMU-2023-10','Clearbook, Legal size','Clearbook, Legal size','5','pc','5','42.38','AD-GSS'),(11,NULL,'PPMU-2023-11','Computer continuous form, 3 ply, 11 x 14.88 ADVANCE COMPUTER FORMS, INC.','Computer continuous form, 3 ply, 11 x 14.88 ADVANCE COMPUTER FORMS, INC.','3','box','2','1034.80',''),(12,NULL,'PPMU-2023-12','Computer continuous form, 3 ply, 280 x 378mm PREMIERE','Computer continuous form, 3 ply, 280 x 378mm PREMIERE','3','box','1','1,508.00',''),(13,NULL,'PPMU-2023-13','Correction tape, 4.5m','Correction tape, 4.5m','5','pc','2','330',''),(14,NULL,'PPMU-2023-14','Envelope brown, A4 size','Envelope brown, A4 size','77','pc','10','6850',''),(15,NULL,'PPMU-2023-15','Envelope brown, Legal size, expanding, kraftboard','Envelope brown, Legal size, expanding, kraftboard','16','pc','10','0',''),(16,NULL,'PPMU-2023-16','Envelope brown, Legal size','Envelope brown, Legal size','1145','pc','100','0',''),(17,NULL,'PPMU-2023-17','Envelope expanding, plastic','Envelope expanding, plastic','2','pc','2','650',''),(18,NULL,'PPMU-2023-18','Envelope mailing long, 105mm x 241mm, 70GSM, 500 pcs.','Envelope mailing long, 105mm x 241mm, 70GSM, 500 pcs.','22','box','10','200',''),(19,NULL,'PPMU-2023-19','Envelope mailing with DENR letterhead, 500/box (window type)','Envelope mailing with DENR letterhead, 500/box (window type)','17499','pc','100','1600',''),(20,NULL,'PPMU-2023-20','Envelopes pay golden kraft, 4 x 7 1/2, 75gsm, 500 pcs.','Envelopes pay golden kraft, 4 x 7 1/2, 75gsm, 500 pcs.','1000','pc','10','1600',''),(21,NULL,'PPMU-2023-21','Eraser, blackboard/whiteboard','Eraser, blackboard/whiteboard','1','pc','1','1700',''),(22,NULL,'PPMU-2023-22','File organizer','File organizer','11','pc','5','1050',''),(23,NULL,'PPMU-2023-23','File tab divider, A4 size','File tab divider, A4 size','25','set','5','1150',''),(24,NULL,'PPMU-2023-24','File tab divider, Legal size (new stock)','File tab divider, Legal size (new stock)','10','set','2','560',''),(25,NULL,'PPMU-2023-25','File tab divider, Legal size (old stock)','File tab divider, Legal size (old stock)','44','set','5','560',''),(26,NULL,'PPMU-2023-26','Highlighter Orange','Highlighter Orange','1','pc','2','325',''),(27,NULL,'PPMU-2023-27','Highlighter yellow','Highlighter yellow','46','pc','2','325',''),(28,NULL,'PPMU-2023-28','Highlighter green','Highlighter green','5','pc','2','325',''),(29,NULL,'PPMU-2023-29','Folder fancy, A4 size','Folder fancy, A4 size','59','pc','20','2400',''),(30,NULL,'PPMU-2023-30','Folder, L-type, A4 size, 216mm x 304mm, 50/pack','Folder, L-type, A4 size, 216mm x 304mm, 50/pack','1','pack','2','265',''),(31,NULL,'PPMU-2023-31','Folder, tagboard, A4 size','Folder, tagboard, A4 size','28','pc','5','265',''),(32,NULL,'PPMU-2023-32','Glue, all purpose (8-13-2021)','Glue, all purpose (8-13-2021)','52','pc','5','265',''),(33,NULL,'PPMU-2023-33','Index card box, 111mm x 143mm x 102mm','Index card box, 111mm x 143mm x 102mm','10','pc','5','265',''),(34,NULL,'PPMU-2023-34','Index card box, 3 x 5','Index card box, 3 x 5','33','pc','5','495',''),(35,NULL,'PPMU-2023-35','Index card box, 5 x 8','Index card box, 5 x 8','1','pc','5','2345',''),(36,NULL,'PPMU-2023-36','Index card, 3 x 5 500/pack','Index card, 3 x 5 500/pack','100','pc','10','2585',''),(37,NULL,'PPMU-2023-37','Index card, 5 x 8 500/pack','Index card, 5 x 8 500/pack','30','pc','10','2585',''),(38,NULL,'PPMU-2023-38','Index tabs, SPEEDO','Index tabs, SPEEDO','17','pc','5','2585',''),(39,NULL,'PPMU-2023-39','Looseleaf cover, 50/bundle','Looseleaf cover, 50/bundle','503','pc','100','259',''),(40,NULL,'PPMU-2023-40','Metro Manila CitiAtlas Accu-map','Metro Manila CitiAtlas Accu-map','1','pc','10','259','PMD-RICTU'),(41,NULL,'PPMU-2023-41','Mouse pad (EMED-WAQMS)','Mouse pad (EMED-WAQMS)','0','pc','2','259',''),(42,NULL,'PPMU-2023-42','Name plate/tag, acrylic','Name plate/tag, acrylic','10','pc','10','259',''),(43,NULL,'PPMU-2023-43','Note pad, 2 x 3','Note pad, 2 x 3','0','pc','5','37.06',''),(44,NULL,'PPMU-2023-44','Note pad, 3 x 3','Note pad, 3 x 3','5','pc','5','2550',''),(45,NULL,'PPMU-2023-45','Notebook Stenographer (new stock)','Notebook Stenographer (new stock)','1','pc','2','2690',''),(46,NULL,'PPMU-2023-46','Notebook, stenographer','Notebook, stenographer','338','pc','5','339.04',''),(47,NULL,'PPMU-2023-47','Paper, Multicopy, A4 size, 80gsm','Paper, Multicopy, A4 size, 80gsm','100','ream','5','3535',''),(48,NULL,'PPMU-2023-48','Paper, Multi-purpose, Legal size, 70gsm','Paper, Multi-purpose, Legal size, 70gsm','573','ream','5','4115',''),(49,NULL,'PPMU-2023-49','Parchment paper, EMERSON, 210mm x 297mm, 80GSM, 100 sheets (new stock)','Parchment paper, EMERSON, 210mm x 297mm, 80GSM, 100 sheets (new stock)','2','pack','2','4115',''),(50,NULL,'PPMU-2023-50','Pencil','Pencil','207','pc','10','4115',''),(51,NULL,'PPMU-2023-51','Permanent marker, red','Permanent marker, red','27','pc','10','3560',''),(52,NULL,'PPMU-2023-52','Push pins','Push pins','4','case','5','4200',''),(53,NULL,'PPMU-2023-53','Ribbon cartridge, S015531, for LQ-2190 printer','Ribbon cartridge, S015531, for LQ-2190 printer','11','pc','2','4200',''),(54,NULL,'PPMU-2023-54','Ring binder, 25mm, black','Ring binder, 25mm, black','28','pc','5','4200',''),(55,NULL,'PPMU-2023-55','Ring binder, 25mm, blue','Ring binder, 25mm, blue','110','pc','5','2857.92',''),(56,NULL,'PPMU-2023-56','Ring binder, 32mm, black','Ring binder, 32mm, black','56','pc','5','2857.92',''),(57,NULL,'PPMU-2023-57','Ring binder, 51mm, black','Ring binder, 51mm, black','24','pc','5','2420',''),(58,NULL,'PPMU-2023-58','Rubber band (8-13-2021)','Rubber band (8-13-2021)','394','box','10','14',''),(59,NULL,'PPMU-2023-59','Rubber eraser','Rubber eraser','2','pc','5','76',''),(60,NULL,'PPMU-2023-60','Ruled pad paper','Ruled pad paper','8','pc','5','68.64',''),(61,NULL,'PPMU-2023-61','Scissors, DIXON','Scissors, DIXON','2','pc','2','68.64','LD-OLD'),(62,NULL,'PPMU-2023-62','Sign pen, black (8-13-2021)','Sign pen, black (8-13-2021)','1735','pc','50','2550',''),(63,NULL,'PPMU-2023-63','Sign pen, blue (8-13-2021)','Sign pen, blue (8-13-2021)','478','pc','50','770.11',''),(64,NULL,'PPMU-2023-64','Stamp pad ink','Stamp pad ink','55','pc','5','36.3',''),(65,NULL,'PPMU-2023-65','Stamp pad felt','Stamp pad felt','40','pc','5','77.56',''),(66,NULL,'PPMU-2023-66','Staple remover, plier type','Staple remover, plier type','6','pc','5','82.16',''),(67,NULL,'PPMU-2023-67','Staple wire, 23/17, binder type','Staple wire, 23/17, binder type','36','box','5','18.67',''),(68,NULL,'PPMU-2023-68','Stapler with remover, standard type','Stapler with remover, standard type','2','pc','2','673.09',''),(69,NULL,'PPMU-2023-69','Time card, 190mm x 85mm, 100/bundle','Time card, 190mm x 85mm, 100/bundle','27','bundle','5','927',''),(70,NULL,'PPMU-2023-70','Typewriter ribbon, nylon','Typewriter ribbon, nylon','4','pc','5','738.4',''),(71,NULL,'PPMU-2023-71','Whiteboard marker, black','Whiteboard marker, black','2','pc','2','83.4',''),(72,NULL,'PPMU-2023-72','Whiteboard marker, blue','Whiteboard marker, blue','77','pc','10','83',''),(73,NULL,'PPMU-2023-73','Whiteboard marker, red','Whiteboard marker, red','5','pc','5','11444',''),(74,NULL,'PPMU-2023-74','Ink cartridge, canon 810, black','Ink cartridge, canon 810, black','1','pc','1','23500',''),(75,NULL,'PPMU-2023-75','Ink cartridge, canon 811, tri-color','Ink cartridge, canon 811, tri-color','1','pc','1','11444',''),(76,NULL,'PPMU-2023-76','Ink cartridge, hp 680, black','Ink cartridge, hp 680, black','0','pc','0','560',''),(77,NULL,'PPMU-2023-77','Ink cartridge, hp 680, tri-color','Ink cartridge, hp 680, tri-color','0','pc','1','22888','CPD - CHWMS'),(78,NULL,'PPMU-2023-78','Ink cartridge, HP 678, black ','Ink cartridge, HP 678, black ','4','pc','1','1144',''),(79,NULL,'PPMU-2023-79','Ink tank, CANON GI 790, cyan (CPD)','Ink tank, CANON GI 790, cyan (CPD)','1','pc','1','5613.25',''),(80,NULL,'PPMU-2023-80','Ink tank, CANON GI 790, magenta (CPD)','Ink tank, CANON GI 790, magenta (CPD)','1','pc','1','3066',''),(81,NULL,'PPMU-2023-81','Ink tank, CANON GI 790, yellow (CPD)','Ink tank, CANON GI 790, yellow (CPD)','1','pc','1','2.48','ORED-RSCIG'),(82,NULL,'PPMU-2023-82','Ink tank, HP GT52, cyan (EMED)','Ink tank, HP GT52, cyan (EMED)','9','pc','1','952.64',''),(83,NULL,'PPMU-2023-83','Ink tank, HP GT52, magenta (EMED)','Ink tank, HP GT52, magenta (EMED)','9','pc','1','500',''),(84,NULL,'PPMU-2023-84','Ink tank, HP GT52, yellow (EMED)','Ink tank, HP GT52, yellow (EMED)','9','pc','1','700',''),(85,NULL,'PPMU-2023-85','Ink tank, HP GT53, black (EMED)','Ink tank, HP GT53, black (EMED)','9','pc','1','499',''),(86,NULL,'PPMU-2023-86','Toner cartridge, HP202A, CF500A black (ORD-PISMU2)','Toner cartridge, HP202A, CF500A black (ORD-PISMU2)','0','pc','1','380',''),(87,NULL,'PPMU-2023-87','Toner cartridge, HP202A, CF501A cyan (ORD-PISMU1)','Toner cartridge, HP202A, CF501A cyan (ORD-PISMU1)','8','pc','1','380',''),(88,NULL,'PPMU-2023-89','Toner cartridge, HP202A, CF502A yellow (ORD-PISMU1)','Toner cartridge, HP202A, CF502A yellow (ORD-PISMU1)','8','pc','1','380',''),(89,NULL,'PPMU-2023-91','Toner cartridge, HP202A, CF503A magenta (ORD-PISMU1)','Toner cartridge, HP202A, CF503A magenta (ORD-PISMU1)','0','pc','1','255',''),(90,NULL,'PPMU-2023-93','Toner cartridge, HP CB435A, black','Toner cartridge, HP CB435A, black','0','pc','1','90.22',''),(91,NULL,'PPMU-2023-94','Toner cartridge, HP CE285AC, black (CPD)','Toner cartridge, HP CE285AC, black (CPD)','1','pc','1','2485',''),(92,NULL,'PPMU-2023-95','Toner cartridge, HP CE285AC, black (EMED-CHWMS)','Toner cartridge, HP CE285AC, black (EMED-CHWMS)','0','pc','1','151.43',''),(93,NULL,'PPMU-2023-96','Toner cartridge, HP204A, CF510A black (EMED-CHWMS)','Toner cartridge, HP204A, CF510A black (EMED-CHWMS)','1','pc','1','48200',''),(94,NULL,'PPMU-2023-97','Toner cartridge, HP79A, CF279A black (EMED)','Toner cartridge, HP79A, CF279A black (EMED)','0','pc','1','111.3','ORD - Legal Unit'),(95,NULL,'PPMU-2023-98','Toner cartridge, LEXMARK, 58D3H00 (ORD-PISMU)','Toner cartridge, LEXMARK, 58D3H00 (ORD-PISMU)','0','pc','1','59.28',''),(96,NULL,'PPMU-2023-99','Toner cartridge, MP2501 (for photocopier)','Toner cartridge, MP2501 (for photocopier)','0','pc','1','930.8',''),(97,NULL,'PPMU-2023-100','Ink Cartridge 811 Tri color','Ink Cartridge 811 Tri color','0','pc','1','0',''),(98,NULL,'PPMU-2023-101','Ink Cartridge 810 Black','Ink Cartridge 810 Black','0','pc','1','0','EMED - SWMS'),(99,NULL,'PPMU-2023-102','Anti-virus, Kaspersky, 5 Devices, 2-year protection (EMED)','Anti-virus, Kaspersky, 5 Devices, 2-year protection (EMED)','3','pc','1','1850',''),(100,NULL,'PPMU-2023-103','External DVD/CD writer, 8x LITEON (FAD)','External DVD/CD writer, 8x LITEON (FAD)','1','pc','1','1800',''),(101,NULL,'PPMU-2023-104','External DVD/CD writer, 8x LITEON (CPD)','External DVD/CD writer, 8x LITEON (CPD)','0','pc','0','1800',''),(102,NULL,'PPMU-2023-105','External slim DVD-RW ASUS (EMED)','External slim DVD-RW ASUS (EMED)','1','pc','1','1750',''),(103,NULL,'PPMU-2023-106','External slim DVD-RW ASUS (SWMS)','External slim DVD-RW ASUS (SWMS)','3','pc','1','1750',''),(104,NULL,'PPMU-2023-107','Keyboard, A4TECH','Keyboard, A4TECH','5','pc','1','330',''),(105,NULL,'PPMU-2023-108','Printer cable, USB AD-Link high speed','Printer cable, USB AD-Link high speed','2','pc','1','650',''),(106,NULL,'PPMU-2023-109','USB hub, 2.0 HUB support 500GB, 4-ports (EMED-WAQMS)','USB hub, 2.0 HUB support 500GB, 4-ports (EMED-WAQMS)','16','pc','5','200',''),(107,NULL,'PPMU-2023-110','USB hub, UNITEK, 3.0, 4-port, 1.2M (EMED-WAQMS)','USB hub, UNITEK, 3.0, 4-port, 1.2M (EMED-WAQMS)','0','pc','1','1600',''),(108,NULL,'PPMU-2023-111','Calculator, mini-printing, CANON','Calculator, mini-printing, CANON','1','pc','1','930.80',''),(109,NULL,'PPMU-2023-112','Camera, document, 8MP (8-13-2021)','Camera, document, 8MP (8-13-2021)','1','pc','1','23,623.60',''),(110,NULL,'PPMU-2023-113','Camera, document, AVERVISION315AF','Camera, document, AVERVISION315AF','2','pc','1','28,860.00',''),(111,NULL,'PPMU-2023-114','Electric fan, industrial ground type (8-13-2021)','Electric fan, industrial ground type (8-13-2021)','2','unit','1','1,109.68',''),(112,NULL,'PPMU-2023-115','Electric fan, stand type, UNION, UGSF-1600, 16','Electric fan, stand type, UNION, UGSF-1600, 16','1','unit','1','967.10',''),(113,NULL,'PPMU-2023-116','Electric fan, wall type, UNION, UGM-16WF','Electric fan, wall type, UNION, UGM-16WF','0','unit','0','770.11',''),(114,NULL,'PPMU-2023-117','FACSIMILE Machine PANASONIC','FACSIMILE Machine PANASONIC','1','unit','1','5,642.00',''),(115,NULL,'PPMU-2023-118','IC Recorder SONY ICD-UX560F','IC Recorder SONY ICD-UX560F','0','pc','0','0',''),(116,NULL,'PPMU-2023-119','Paper trimmer/cutting machine tabletop (8-13-2021)','Paper trimmer/cutting machine tabletop (8-13-2021)','4','pc','1','9,297.60',''),(117,NULL,'PPMU-2023-120','Printer Impact DOT Matrix 9 pins 80 columns','Printer Impact DOT Matrix 9 pins 80 columns','0','unit','1','7,995.52',''),(118,NULL,'PPMU-2023-121','File Folder w/ tab Legal','File Folder w/ tab Legal','640','pc','50','3.5',''),(119,NULL,'PPMU-2023-122','Continuous Form 281 x 241mm','Continuous Form 281 x 241mm','20','pc','5','94.64',''),(120,NULL,'PPMU-2023-123','Polaris PVC (instant id System)','Polaris PVC (instant id System)','150','pc','5','86.72',''),(121,NULL,'PPMU-2023-124','Cutter knife','Cutter knife','5','pc','5','14.75',''),(122,NULL,'PPMU-2023-125','Cutter blade SPARE','Cutter blade SPARE','10','pc','5','11',''),(123,NULL,'PPMU-2023-126','Tape cloth','Tape cloth','3','pc','1','51.88',''),(124,NULL,'PPMU-2023-127','Staple 23/13','Staple 23/13','7','box','1','41.6',''),(125,NULL,'PPMU-2023-128','Calculator Canon Compact','Calculator Canon Compact','4','unit','1','105.61',''),(126,NULL,'PPMU-2023-129','Correction Tape AAU','Correction Tape AAU','0','pc','0','65','ORED-RSCIG'),(127,NULL,'PPMU-2023-130','marker Permanent Black','marker Permanent Black','2','pc','2','28',''),(128,NULL,'PPMU-2023-131','Marker Permanent Blue','Marker Permanent Blue','0','pc','2','187.2','CPD - AWS'),(129,NULL,'PPMU-2023-132','Puncher (3 in 1)','Puncher (3 in 1)','2','pc','2','24.96',''),(130,NULL,'PPMU-2023-133','Stamp Pad small','Stamp Pad small','1','pc','1','960',''),(131,NULL,'PPMU-2023-134','Ruler','Ruler','0','pc','1','24.75',''),(132,NULL,'PPMU-2023-135','Record Book 500 Leaves','Record Book 500 Leaves','1','book','1','34.95',''),(133,NULL,'PPMU-2023-136','Record Book 300 Leaves','Record Book 300 Leaves','0','book','1','21.84',''),(134,NULL,'PPMU-2023-137','Tape scotch 24mm x 50 yd','Tape scotch 24mm x 50 yd','1','roll','1','19.76',''),(135,NULL,'PPMU-2023-138','Tape Packing Clear 48mm x 80yd','Tape Packing Clear 48mm x 80yd','0','roll','0','30.42',''),(136,NULL,'PPMU-2023-139','Tape Masking 48mm x 20yd','Tape Masking 48mm x 20yd','0','roll','1','155.48','EMED - WQMS'),(137,NULL,'PPMU-2023-140','Tape Masking 24mm x 20yd','Tape Masking 24mm x 20yd','1','roll','1','211',''),(138,NULL,'PPMU-2023-141','Ballpen Black ','Ballpen Black ','1','pc','1','48',''),(139,NULL,'PPMU-2023-142','Ballpen Blue','Ballpen Blue','4','pc','5','71.5','EMED - AMS'),(140,NULL,'PPMU-2023-143','Ballpen Red','Ballpen Red','3','pc','5','148.5','CPD - AWS'),(141,NULL,'PPMU-2023-144','Fastener plastic','Fastener plastic','1','box','1','500',''),(142,NULL,'PPMU-2023-145','HP 680 Tri Color','HP 680 Tri Color','0','pc','1','506',''),(143,NULL,'PPMU-2023-147','LED Projector','LED Projector','2','unit','1','148.5',''),(144,NULL,'PPMU-2023-148','Staple Wire Standard','Staple Wire Standard','54','box','10','23.76',''),(145,NULL,'PPMU-2023-150','Scandisk memory Card 32GB','Scandisk memory Card 32GB','2','pc','1','1508',''),(146,NULL,'PPMU-2023-151','Adaptor','Adaptor','3','pc','1','1',''),(147,NULL,'PPMU-2023-152','Laser Presenter (wireless)','Laser Presenter (wireless)','3','pc','1','1.5',''),(148,NULL,'PPMU-2023-154','UPS (Accu-Power)','UPS (Accu-Power)','11','pc','1','2970',''),(149,NULL,'PPMU-2023-155','UPS(APC)','UPS(APC)','2','pc','1','6220',''),(150,NULL,'PPMU-2023-157','Signature Pad','Signature Pad','4','unit','1','0',''),(151,NULL,'PPMU-2023-158','Avervision F17-8M Document Camera','Avervision F17-8M Document Camera','1','unit','1','0',''),(152,NULL,'PPMU-2023-159','Mavic Pro Drone','Mavic Pro Drone','1','unit','1','0',''),(153,NULL,'PPMU-2023-161','HP 285a','HP 285a','115','pc','10','3242.72','');
/*!40000 ALTER TABLE `stock` ENABLE KEYS */;
UNLOCK TABLES;

--
-- Table structure for table `stock_txn`
--

DROP TABLE IF EXISTS `stock_txn`;
/*!40101 SET @saved_cs_client     = @@character_set_client */;
/*!50503 SET character_set_client = utf8mb4 */;
CREATE TABLE `stock_txn` (
  `stock_txn_id` int(20) NOT NULL AUTO_INCREMENT,
  `user_id` varchar(200) CHARACTER SET latin1 COLLATE latin1_swedish_ci DEFAULT NULL,
  `stock_id` varchar(200) CHARACTER SET latin1 COLLATE latin1_swedish_ci DEFAULT NULL,
  `amount` varchar(200) DEFAULT NULL,
  `division` varchar(200) CHARACTER SET latin1 COLLATE latin1_swedish_ci DEFAULT NULL,
  `quantity` varchar(200) CHARACTER SET latin1 COLLATE latin1_swedish_ci DEFAULT NULL,
  `timestamp` varchar(200) CHARACTER SET latin1 COLLATE latin1_swedish_ci DEFAULT NULL,
  `activity` varchar(200) CHARACTER SET latin1 COLLATE latin1_swedish_ci DEFAULT NULL,
  `remarks` varchar(200) CHARACTER SET latin1 COLLATE latin1_swedish_ci DEFAULT NULL,
  `old` varchar(20) DEFAULT NULL,
  PRIMARY KEY (`stock_txn_id`)
) ENGINE=InnoDB AUTO_INCREMENT=89 DEFAULT CHARSET=utf8mb4 COLLATE=utf8mb4_unicode_ci;
/*!40101 SET character_set_client = @saved_cs_client */;

--
-- Dumping data for table `stock_txn`
--

LOCK TABLES `stock_txn` WRITE;
/*!40000 ALTER TABLE `stock_txn` DISABLE KEYS */;
INSERT INTO `stock_txn` VALUES (53,'6','3',NULL,'AD-PS','10','February 7, 2025 9:19:am  ','Stock Out','New count: 60<br> RIS No.: 2025-02-001',NULL),(54,'6','2',NULL,'AD-PS','1','February 7, 2025 9:19:am  ','Stock Out','New count: 3<br> RIS No.: 2025-02-001',NULL),(55,'6','5',NULL,'AD-OAD','1','February 7, 2025 9:24:am  ','Stock Out','New count: 99<br> RIS No.: 2025-02-002',NULL),(56,'6','3',NULL,'MEO-W','20','February 7, 2025 9:24:am  ','Stock Out','New count: 40<br> RIS No.: 2025-02-003',NULL),(57,'6','2',NULL,'COA-COA','1','February 7, 2025 9:25:am  ','Stock Out','New count: 2<br> RIS No.: 2025-02-005',NULL),(58,'6','3',NULL,'COA-COA','5','February 7, 2025 9:25:am  ','Stock Out','New count: 35<br> RIS No.: 2025-02-005',NULL),(59,'6','4',NULL,'AD-GSS','5','February 7, 2025 9:25:am  ','Stock Out','New count: 45<br> RIS No.: 2025-02-004',NULL),(60,'6','16',NULL,'AD-GSS','10','February 7, 2025 9:25:am  ','Stock Out','New count: 1244<br> RIS No.: 2025-02-004',NULL),(61,'6','28',NULL,'AD-GSS','1','February 7, 2025 9:25:am  ','Stock Out','New count: 10<br> RIS No.: 2025-02-004',NULL),(62,'6','27',NULL,'AD-CASH','5','February 7, 2025 9:28:am  ','Stock Out','New count: 46<br> RIS No.: 2025-02-006',NULL),(63,'6','4',NULL,'LD-OLD','3','February 7, 2025 9:28:am  ','Stock Out','New count: 42<br> RIS No.: 2025-02-007',NULL),(64,'6','3',NULL,'LD-OLD','1','February 7, 2025 9:28:am  ','Stock Out','New count: 34<br> RIS No.: 2025-02-007',NULL),(65,'6','30',NULL,'PMDS-PPS','1','February 7, 2025 9:32:am  ','Stock Out','New count: 3<br> RIS No.: 2025-02-008',NULL),(66,'6','64',NULL,'ORED-ORED','1','February 7, 2025 9:33:am  ','Stock Out','New count: 55<br> RIS No.: 2025-02-009',NULL),(67,'6','4',NULL,'FD-BUDGET','20','February 7, 2025 9:33:am  ','Stock Out','New count: 22<br> RIS No.: 2025-02-010',NULL),(68,'6','16',NULL,'PMD-RICTU','99','February 7, 2025 9:35:am  ','Stock Out','New count: 1145<br> RIS No.: 2025-02-011',NULL),(69,'6','31',NULL,'PMDS-PPS','2','February 7, 2025 9:35:am  ','Stock Out','New count: 28<br> RIS No.: 2025-02-012',NULL),(70,'6','13',NULL,'FD-BUDGET','5','February 7, 2025 9:35:am  ','Stock Out','New count: 5<br> RIS No.: 2025-02-013',NULL),(71,'6','99',NULL,'AD-PERSONNEL','5','February 7, 2025 9:35:am  ','Stock Out','New count: 0<br> RIS No.: 2025-02-014',NULL),(72,'6','96',NULL,'AD-PERSONNEL','21','February 7, 2025 9:35:am  ','Stock Out','New count: 0<br> RIS No.: 2025-02-015',NULL),(73,'6','3',NULL,'FD-BUDGET','15','February 7, 2025 9:35:am  ','Stock Out','New count: 19<br> RIS No.: 2025-02-016',NULL),(74,'6','95',NULL,'AD-PERSONNEL','2','February 7, 2025 9:35:am  ','Stock Out','New count: 0<br> RIS No.: 2025-02-017',NULL),(75,'6','152',NULL,'PMD-RICTU','1','February 7, 2025 9:35:am  ','Stock Out','New count: 1<br> RIS No.: 2025-02-018',NULL),(76,'6','92',NULL,'AD-PERSONNEL','9','February 7, 2025 9:35:am  ','Stock Out','New count: 0<br> RIS No.: 2025-02-019',NULL),(77,'6','90',NULL,'AD-PERSONNEL','12','February 7, 2025 9:35:am  ','Stock Out','New count: 0<br> RIS No.: 2025-02-021',NULL),(78,'6','89',NULL,'AD-PERSONNEL','12','February 7, 2025 9:35:am  ','Stock Out','New count: 0<br> RIS No.: 2025-02-022',NULL),(79,'6','99','600','AD-PS','5','February 7, 2025 9:37:am  ','Add Quantity','New count: 5','no'),(80,'6','99',NULL,'PMDS-PPS','1','February 7, 2025 9:37:am  ','Stock Out','New count: 4<br> RIS No.: 2025-02-020',NULL),(81,'6','99',NULL,'ORED-RSCIG','1','February 7, 2025 9:39:am  ','Stock Out','New count: 3<br> RIS No.: 2025-02-023',NULL),(82,'6','3',NULL,'AD-CASH','15','February 7, 2025 9:40:am  ','Stock Out','New count: 4<br> RIS No.: 2025-02-024',NULL),(83,'6','32',NULL,'AD-HRDS','5','February 7, 2025 9:48:am  ','Stock Out','New count: 52<br> RIS No.: 2025-02-025',NULL),(84,'6','30',NULL,'ORED-ORED','2','February 7, 2025 9:53:am  ','Stock Out','New count: 1<br> RIS No.: 2025-02-026',NULL),(85,'6','5',NULL,'AD-PS','10','February 7, 2025 10:02:am  ','Stock Out','New count: 89<br> RIS No.: 2025-02-027',NULL),(86,'6','28',NULL,'FD-BUDGET','5','February 7, 2025 10:07:am  ','Stock Out','New count: 5<br> RIS No.: 2025-02-028',NULL),(87,'6','50',NULL,'FD-BUDGET','2','February 7, 2025 10:08:am  ','Stock Out','New count: 207<br> RIS No.: 2025-02-028',NULL),(88,'6','1',NULL,'COA-COA','3','February 7, 2025 10:34:am  ','Stock Out','New count: 52<br> RIS No.: 2025-02-029',NULL);
/*!40000 ALTER TABLE `stock_txn` ENABLE KEYS */;
UNLOCK TABLES;

--
-- Table structure for table `user`
--

DROP TABLE IF EXISTS `user`;
/*!40101 SET @saved_cs_client     = @@character_set_client */;
/*!50503 SET character_set_client = utf8mb4 */;
CREATE TABLE `user` (
  `user_id` int(20) NOT NULL AUTO_INCREMENT,
  `first_name` varchar(200) CHARACTER SET latin1 COLLATE latin1_swedish_ci DEFAULT NULL,
  `middle_name` varchar(200) CHARACTER SET latin1 COLLATE latin1_swedish_ci DEFAULT NULL,
  `last_name` varchar(200) CHARACTER SET latin1 COLLATE latin1_swedish_ci DEFAULT NULL,
  `birthdate` varchar(200) CHARACTER SET latin1 COLLATE latin1_swedish_ci DEFAULT NULL,
  `email` varchar(200) CHARACTER SET latin1 COLLATE latin1_swedish_ci DEFAULT NULL,
  `contact` varchar(200) CHARACTER SET latin1 COLLATE latin1_swedish_ci DEFAULT NULL,
  `division` varchar(200) CHARACTER SET latin1 COLLATE latin1_swedish_ci DEFAULT NULL,
  `username` varchar(200) CHARACTER SET latin1 COLLATE latin1_swedish_ci DEFAULT NULL,
  `password` varchar(200) CHARACTER SET latin1 COLLATE latin1_swedish_ci DEFAULT NULL,
  `status` varchar(200) CHARACTER SET latin1 COLLATE latin1_swedish_ci DEFAULT NULL,
  PRIMARY KEY (`user_id`),
  UNIQUE KEY `user_id` (`user_id`)
) ENGINE=InnoDB AUTO_INCREMENT=59 DEFAULT CHARSET=utf8mb4 COLLATE=utf8mb4_unicode_ci;
/*!40101 SET character_set_client = @saved_cs_client */;

--
-- Dumping data for table `user`
--

LOCK TABLES `user` WRITE;
/*!40000 ALTER TABLE `user` DISABLE KEYS */;
INSERT INTO `user` VALUES (1,'GENERAL SERVICES SECTION',NULL,NULL,NULL,NULL,NULL,'AD-GSS','ad.gss','gnrlsrvcs','1'),(2,'RECORDS UNIT',NULL,NULL,NULL,NULL,NULL,'AD-RECS','ad.recs','records1','1'),(3,'ADMINISTRATIVE DIVISION',NULL,NULL,NULL,NULL,NULL,'AD-OAD','ad.oad','adm2025','1'),(4,'CASHIER SECTION',NULL,NULL,NULL,NULL,NULL,'AD-CASH','ad.cash','cashi3r','1'),(5,'PERSONNEL SECTION',NULL,NULL,NULL,NULL,NULL,'AD-PERSONNEL','ad.personnel','p3rsonn3l','1'),(6,'PROCUREMENT SECTION',NULL,NULL,NULL,NULL,NULL,'AD-PS','ad.ps','2025proc','1'),(7,'HUMAN RESOURCE DEVELOPMENT SECTION',NULL,NULL,NULL,NULL,NULL,'AD-HRDS','ad.hrds','hrds3','1'),(8,'COMMISSION ON AUDIT',NULL,NULL,NULL,NULL,NULL,'COA-COA','coa.coa','coa3','1'),(9,'PRODUCTION FOREST MANAGEMENT SECTION',NULL,NULL,NULL,NULL,NULL,'CDD-PFMS','cdd.pfms','forest1','1'),(10,'LAS PIÑAS PARANAQUE WETLAND PARK',NULL,NULL,NULL,NULL,NULL,'CDD-LPPWP','cdd.lppwp','w3tland','1'),(11,'PROTECTED AREAS MANAGEMENT AND BIODIVERSITY SECTION',NULL,NULL,NULL,NULL,NULL,'CDD-PAMBS','cdd.pambs','protect3d','1'),(12,'COASTAL RESOURCES AND FORESHORE MANAGEMENT SECTION',NULL,NULL,NULL,NULL,NULL,'CDD-CRFMS','cdd.crfms','4shore','1'),(13,'CONSERVATION AND DEVELOPMENT DIVISION',NULL,NULL,NULL,NULL,NULL,'CDD-OCDD','cdd.ocdd','conserv3','1'),(14,'ENFORCEMENT DIVISION',NULL,NULL,NULL,NULL,NULL,'ED-OED','ed.oed','3nforcement','1'),(15,'PORT INTEGRATED CLEARANCE OFFICE',NULL,NULL,NULL,NULL,NULL,'ED-PICO','ed.pico','port2025','1'),(16,'COMPLIANCE MONITORING AND INVESTIGATION SECTION',NULL,NULL,NULL,NULL,NULL,'ED-CMIS','ed.cmis','cm1s','1'),(17,'SURVEILLANCE AND INTELLIGENCE SECTION',NULL,NULL,NULL,NULL,NULL,'ED-SIS','ed.sis','int3l','1'),(18,'WILDLIFE TRAFFIC MONITORING UNIT',NULL,NULL,NULL,NULL,NULL,'ED-WTMU','ed.wtmu','w1ld','1'),(19,'BUDGET SECTION',NULL,NULL,NULL,NULL,NULL,'FD-BUDGET','fd.budget','bdg3t','1'),(20,'ACCOUNTING SECTION',NULL,NULL,NULL,NULL,NULL,'FD-ACCOUNTING','fd.accounting','acct6','1'),(21,'FINANCE DIVISION',NULL,NULL,NULL,NULL,NULL,'FD-OFD','fd.ofd','fin4nce','1'),(22,'LEGAL DIVISION',NULL,NULL,NULL,NULL,NULL,'LD-OLD','ld.old','l3gal','1'),(23,'FOREST UTILIZATION SECTION',NULL,NULL,NULL,NULL,NULL,'LPDD-FUS','lpdd.fus','for3st','1'),(24,'LICENSES, PATENTS AND DEEDS DIVISION',NULL,NULL,NULL,NULL,NULL,'LPDD-OLPDD','lpdd.olpdd','pat3nts','1'),(25,'PATENTS AND DEEDS SECTION',NULL,NULL,NULL,NULL,NULL,'LPDD-PDS','lpdd.pds','d33ds','1'),(26,'WILDLIFE RESOURCE PERMITTING SECTION',NULL,NULL,NULL,NULL,NULL,'LPDD-WRPS','lpdd.wrps','p3rm1t','1'),(27,'WATER RESOURCE AND UTILIZATION SECTION',NULL,NULL,NULL,NULL,NULL,'LPDD-WRUS','lpdd.wrus','w4ter','1'),(28,'LAND RECORDS UNIT',NULL,NULL,NULL,NULL,NULL,'LPDD-RECS','lpdd.recs','recs2025','1'),(29,'METROPOLITAN ENVIRONMENTAL OFFICE - SOUTH',NULL,NULL,NULL,NULL,NULL,'MEO-S','meo.s','m3os','1'),(30,'METROPOLITAN ENVIRONMENTAL OFFICE - WEST',NULL,NULL,NULL,NULL,NULL,'MEO-W','meo.w','meow','1'),(31,'METROPOLITAN ENVIRONMENTAL OFFICE - NORTH',NULL,NULL,NULL,NULL,NULL,'MEO-N','meo.n','nmeo','1'),(32,'METROPOLITAN ENVIRONMENTAL OFFICE - EAST',NULL,NULL,NULL,NULL,NULL,'MEO-E','meo.e','meeo','1'),(33,'OFFICE OF THE ASSISTANT REGIONAL DIRECTOR FOR MANAGEMENT DIVISION',NULL,NULL,NULL,NULL,NULL,'ARD-MS','ard.ms','ard1ms','1'),(34,'OFFICE OF THE ASSISTANT REGIONAL DIRECTOR FOR TECHNICAL SERVICES',NULL,NULL,NULL,NULL,NULL,'ARD-TS','ard.ts','ard3ts','1'),(35,'OPERATION CENTER',NULL,NULL,NULL,NULL,NULL,'ORED-OPCEN','ored.opcen','opc7','1'),(36,'MANILA BAY SITE COORDINATING/MANAGEMENT OFFICE',NULL,NULL,NULL,NULL,NULL,'ORED-MBSCMO','ored.mbscmo','mnlbay','1'),(37,'OFFICE OF THE REGIONAL EXECUTIVE DIRECTOR',NULL,NULL,NULL,NULL,NULL,'ORED-ORED','ored.ored','or3d2025','1'),(38,'REGIONAL STRATEGIC COMMUNICATION AND INITIATIVES GROUP',NULL,NULL,NULL,NULL,NULL,'ORED-RSCIG','ored.rscig','rsc16','1'),(39,'REGIONAL ACTION CENTER',NULL,NULL,NULL,NULL,NULL,'ORED-RAC','ored.rac','r4c','1'),(40,'ENVIRONMENTAL ENFORCEMENT DIVISION - PRCMO',NULL,NULL,NULL,NULL,NULL,'PRCMO-EED','prcmo.eed','w1ll','1'),(41,'WATER QUALITY AND WASTE MANAGEMENT DIVISION - PRCMO',NULL,NULL,NULL,NULL,NULL,'PRCMO-WQWMD','prcmo.wqwmd','w4t3r','1'),(42,'PUBLIC INFORMATION AND ADVOCACY UNIT - PRCMO',NULL,NULL,NULL,NULL,NULL,'PRCMO-PIAU','prcmo.piau','browny','1'),(43,'ADMINISTRATIVE UNIT - PRCMO',NULL,NULL,NULL,NULL,NULL,'PRCMO-AU','prcmo.au','bruce','1'),(44,'PLANNING AND PROGRAMMING SECTION',NULL,NULL,NULL,NULL,NULL,'PMDS-PPS','pmds.pps','pprogs','1'),(45,'MONITORING AND EVALUATION SECTION',NULL,NULL,NULL,NULL,NULL,'PMD-MES','pmd.mes','mevs','1'),(46,'REGIONAL INFORMATION COMMUNICATION TECHNOLOGY UNIT',NULL,NULL,NULL,NULL,NULL,'PMD-RICTU','pmd.rictu','r1c2','1'),(47,'PLANNING AND MANAGEMENT DIVISION',NULL,NULL,NULL,NULL,NULL,'PMD-OPMD','pmd.opmd','plann1ng','1'),(48,'LAND ADMINISTRATIVE SYSTEMS',NULL,NULL,NULL,NULL,NULL,'SMD-LAS','smd.las','lams','1'),(49,'SURVEY AND CONTROL SECTION',NULL,NULL,NULL,NULL,NULL,'SMD-SCS','smd.scs','surv3y','1'),(50,'LAND EVALUATION SURVEY SECTION',NULL,NULL,NULL,NULL,NULL,'SMD-LESS','smd.less','l3ss','1'),(51,'AGGREGATE SURVEY AND CORRECTION SECTION',NULL,NULL,NULL,NULL,NULL,'SMD-ASCS','smd.ascs','ascs1','1'),(52,'ORIGINAL & OTHER SURVEYS SECTION',NULL,NULL,NULL,NULL,NULL,'SMD-OOSS','smd.ooss','origss','1'),(53,'LAND RECORDS SECTION',NULL,NULL,NULL,NULL,NULL,'SMD-LRS','smd.lrs','lrecs','1'),(54,'SURVEYS AND MAPPING DIVISION',NULL,NULL,NULL,NULL,NULL,'SMD-OSMD','smd.osmd','2025smd','1');
/*!40000 ALTER TABLE `user` ENABLE KEYS */;
UNLOCK TABLES;

--
-- Dumping routines for database 'consumables'
--
/*!40103 SET TIME_ZONE=@OLD_TIME_ZONE */;

/*!40101 SET SQL_MODE=@OLD_SQL_MODE */;
/*!40014 SET FOREIGN_KEY_CHECKS=@OLD_FOREIGN_KEY_CHECKS */;
/*!40014 SET UNIQUE_CHECKS=@OLD_UNIQUE_CHECKS */;
/*!40101 SET CHARACTER_SET_CLIENT=@OLD_CHARACTER_SET_CLIENT */;
/*!40101 SET CHARACTER_SET_RESULTS=@OLD_CHARACTER_SET_RESULTS */;
/*!40101 SET COLLATION_CONNECTION=@OLD_COLLATION_CONNECTION */;
/*!40111 SET SQL_NOTES=@OLD_SQL_NOTES */;

-- Dump completed on 2025-02-07 11:14:23
