-- MySQL dump 10.13  Distrib 8.0.19, for Win64 (x86_64)
--
-- Host: 127.0.0.1    Database: consumables
-- ------------------------------------------------------
-- Server version	5.5.5-10.11.8-MariaDB-0ubuntu0.24.04.1-log

/*!40101 SET @OLD_CHARACTER_SET_CLIENT=@@CHARACTER_SET_CLIENT */;
/*!40101 SET @OLD_CHARACTER_SET_RESULTS=@@CHARACTER_SET_RESULTS */;
/*!40101 SET @OLD_COLLATION_CONNECTION=@@COLLATION_CONNECTION */;
/*!50503 SET NAMES utf8mb4 */;
/*!40103 SET @OLD_TIME_ZONE=@@TIME_ZONE */;
/*!40103 SET TIME_ZONE='+00:00' */;
/*!40014 SET @OLD_UNIQUE_CHECKS=@@UNIQUE_CHECKS, UNIQUE_CHECKS=0 */;
/*!40014 SET @OLD_FOREIGN_KEY_CHECKS=@@FOREIGN_KEY_CHECKS, FOREIGN_KEY_CHECKS=0 */;
/*!40101 SET @OLD_SQL_MODE=@@SQL_MODE, SQL_MODE='NO_AUTO_VALUE_ON_ZERO' */;
/*!40111 SET @OLD_SQL_NOTES=@@SQL_NOTES, SQL_NOTES=0 */;

--
-- Table structure for table `feedback`
--

DROP TABLE IF EXISTS `feedback`;
/*!40101 SET @saved_cs_client     = @@character_set_client */;
/*!50503 SET character_set_client = utf8mb4 */;
CREATE TABLE `feedback` (
  `id` int(20) NOT NULL AUTO_INCREMENT,
  `rating` varchar(200) DEFAULT NULL,
  `remarks` text DEFAULT NULL,
  `rated_by` varchar(200) DEFAULT NULL,
  `date_rated` varchar(200) DEFAULT NULL,
  PRIMARY KEY (`id`)
) ENGINE=InnoDB AUTO_INCREMENT=19 DEFAULT CHARSET=utf8mb4 COLLATE=utf8mb4_general_ci;
/*!40101 SET character_set_client = @saved_cs_client */;

--
-- Dumping data for table `feedback`
--

LOCK TABLES `feedback` WRITE;
/*!40000 ALTER TABLE `feedback` DISABLE KEYS */;
INSERT INTO `feedback` VALUES (2,'5','thanks received ','FD-BUDGET','February 26, 2025 2:25:pm  '),(3,'5','thank you po ng madami','AD-OAD','February 26, 2025 3:38:pm  '),(4,'5','complete ','AD-CASH','February 27, 2025 8:58:am  '),(5,'5','very smooth transaction.. thank you po','AD-PS','February 28, 2025 11:51:am  '),(6,'5','thanks','ARD-TS','February 28, 2025 2:19:pm  '),(7,'5','Thank you','ORED-ORED','February 28, 2025 3:13:pm  '),(8,'5','thANK you , received ','FD-BUDGET','February 28, 2025 3:18:pm  '),(9,'5','very convenient','AD-PS','March 3, 2025 1:31:pm  '),(10,'5','Very fast transaction.','PMD-RICTU','March 3, 2025 1:51:pm  '),(11,'5','complete','ORED-MBSCMO','March 3, 2025 3:23:pm  '),(12,'5','Perfectly satisfied','ARD-MS','March 3, 2025 3:45:pm  '),(13,'5','faster','AD-CASH','March 4, 2025 10:03:am  '),(14,'5','thanks so much .. item received.. ','FD-BUDGET','March 4, 2025 10:35:am  '),(15,'5','Fast','AD-HRDS','March 5, 2025 3:41:pm  '),(16,'5','No hassle transaction','PMD-RICTU','March 6, 2025 1:56:pm  '),(17,'5','awesome','SMD-OSMD','March 6, 2025 3:25:pm  '),(18,'5','Thank you','ORED-ORED','March 10, 2025 9:40:am  ');
/*!40000 ALTER TABLE `feedback` ENABLE KEYS */;
UNLOCK TABLES;

--
-- Table structure for table `requeststocktemp`
--

DROP TABLE IF EXISTS `requeststocktemp`;
/*!40101 SET @saved_cs_client     = @@character_set_client */;
/*!50503 SET character_set_client = utf8mb4 */;
CREATE TABLE `requeststocktemp` (
  `request_temp_id` int(20) NOT NULL AUTO_INCREMENT,
  `ris_no` varchar(200) DEFAULT NULL,
  `stock_id` varchar(200) CHARACTER SET latin1 COLLATE latin1_swedish_ci DEFAULT NULL,
  `division` varchar(200) CHARACTER SET latin1 COLLATE latin1_swedish_ci DEFAULT NULL,
  `sku` varchar(200) CHARACTER SET latin1 COLLATE latin1_swedish_ci DEFAULT NULL,
  `product` varchar(200) CHARACTER SET latin1 COLLATE latin1_swedish_ci DEFAULT NULL,
  `description` varchar(200) CHARACTER SET latin1 COLLATE latin1_swedish_ci DEFAULT NULL,
  `amount` varchar(200) CHARACTER SET latin1 COLLATE latin1_swedish_ci DEFAULT NULL,
  `count` varchar(200) CHARACTER SET latin1 COLLATE latin1_swedish_ci DEFAULT NULL,
  `requested_by` varchar(200) CHARACTER SET latin1 COLLATE latin1_swedish_ci DEFAULT NULL,
  `timestamp` varchar(200) CHARACTER SET latin1 COLLATE latin1_swedish_ci DEFAULT NULL,
  `status` varchar(200) CHARACTER SET latin1 COLLATE latin1_swedish_ci DEFAULT NULL,
  `purpose` varchar(200) DEFAULT NULL,
  PRIMARY KEY (`request_temp_id`)
) ENGINE=InnoDB AUTO_INCREMENT=351 DEFAULT CHARSET=utf8mb4 COLLATE=utf8mb4_unicode_ci;
/*!40101 SET character_set_client = @saved_cs_client */;

--
-- Dumping data for table `requeststocktemp`
--

LOCK TABLES `requeststocktemp` WRITE;
/*!40000 ALTER TABLE `requeststocktemp` DISABLE KEYS */;
INSERT INTO `requeststocktemp` VALUES (257,'2025-02-002','1613',NULL,'','Dishwashing Liquid','Dishwashing Liquid, kalamansi, 780ml','228.00 ','2','ARD-TS','February 26, 2025 10:38:am  ','Completed','Towel tissue 175 Pills (25 Pcs)\r\nClear Folder (1 Ream)\r\nA4 Bond Paper (5 Ream)'),(258,'2025-02-002','1554',NULL,'','RubberBand','Rubber Band, 350 gms, round, natural','166.00 ','1','ARD-TS','February 26, 2025 10:38:am  ','Completed','Towel tissue 175 Pills (25 Pcs)\r\nClear Folder (1 Ream)\r\nA4 Bond Paper (5 Ream)'),(259,'2025-02-002','1438',NULL,'','Fastener','Metal','45.00 ','2','ARD-TS','February 26, 2025 10:38:am  ','Completed','Towel tissue 175 Pills (25 Pcs)\r\nClear Folder (1 Ream)\r\nA4 Bond Paper (5 Ream)'),(260,'2025-02-002','1578',NULL,'','Staple Wire','Staple Wire (standard) No. #35','21.00 ','4','ARD-TS','February 26, 2025 10:39:am  ','Completed','Towel tissue 175 Pills (25 Pcs)\r\nClear Folder (1 Ream)\r\nA4 Bond Paper (5 Ream)'),(261,'2025-02-002','1624',NULL,'','GarbageBag','Garbage Bag (black, biodegradable, Medium 25\'s- 22inchesx24inches (10pieces per roll)','86.00 ','5','ARD-TS','February 26, 2025 10:42:am  ','Completed','Towel tissue 175 Pills (25 Pcs)\r\nClear Folder (1 Ream)\r\nA4 Bond Paper (5 Ream)'),(262,'2025-02-001','1686',NULL,'','SIGNPEN','Red, liquid/gel ink, 0.5mm','30.45 ','5','FD-BUDGET','February 26, 2025 10:51:am  ','Completed','Office use'),(263,'2025-02-001','1425',NULL,'','DATAFOLDER','Folder long with built-in Tagia lock- Red','86.00 ','50','FD-BUDGET','February 26, 2025 10:51:am  ','Completed','Office use'),(264,'2025-02-003','1406',NULL,'','Calculator','compact, 12 digits','298.00 ','2','AD-CASH','February 26, 2025 11:16:am  ','Completed','Use of SDO in cashier'),(265,'2025-02-013','1416',NULL,'','Clipboard','(clipboard Lawanit legal brown)','58.00 ','2','LPDD-PDS','February 26, 2025 1:00:pm  ','For Delivery','for official use of LPDD'),(266,'2025-02-004','1597',NULL,'','TapeFlags','Tape Flags, Writable, Durable 14mm x 60mm (100 pieces per pad) 4 pads/pack (assorted color)','138.00 ','5','AD-OAD','February 26, 2025 3:05:pm  ','Completed','For files of that needs to be signed by the Chief. '),(268,'2025-02-005','1451',NULL,'','GelPen','0.5 (Black)','8.00 ','2','AD-OAD','February 26, 2025 3:23:pm  ','Completed','For OAD use.'),(270,'2025-02-005','1457',NULL,'','GLUE','all-purpose bottle 40ml','28.00 ','1','AD-OAD','February 26, 2025 3:26:pm  ','Completed','For OAD use.'),(271,'2025-02-005','1645',NULL,'','Tissue','2-Ply Unscented Facial Tissue','138.00 ','2','AD-OAD','February 26, 2025 3:27:pm  ','Completed','For OAD use.'),(274,'2025-02-006','1583',NULL,'','Stickynotes','Sticky notes 3x3','18.00 ','12','AD-OAD','February 26, 2025 3:33:pm  ','Completed','for OAD use\r\n'),(275,'2025-02-007','1391',NULL,'','BallpointPen','G-Tech Ballpoint Pen, box of 12, Blue','728.00 ','1','ORED-ORED','February 26, 2025 5:15:pm  ','Completed','for official use of ORED'),(276,'2025-02-008','1410',NULL,'','CLEARBOOK','Legal size 20 Transparent Pockets','36.00 ','5','ARD-TS','February 27, 2025 9:40:am  ','Completed','with sign pen 10 pcs'),(277,'2025-02-008','1676',NULL,'','PAPER','Multicopy, A4, 80gsm, 210x297mm','213.80 ','3','ARD-TS','February 27, 2025 9:45:am  ','Completed','with sign pen 10 pcs'),(278,'2025-02-008','1648',NULL,'','TISSUE','TISSUE, INTERFOLDED PAPER TOWEL, 300 pulls','252.00 ','20','ARD-TS','February 27, 2025 9:46:am  ','Completed','with sign pen 10 pcs'),(279,'2025-02-008','1568',NULL,'','Signpen','Extra Fine Tip, Blue','25.00 ','10','ARD-TS','February 27, 2025 9:46:am  ','Completed','with sign pen 10 pcs'),(280,'2025-02-009','1645',NULL,'','Tissue','2-Ply Unscented Facial Tissue','138.00 ','2','AD-PS','February 27, 2025 10:08:am  ','Completed','for procurement supplies'),(281,'2025-02-010','1648',NULL,'','TISSUE','TISSUE, INTERFOLDED PAPER TOWEL, 300 pulls','252.00 ','5','ORED-ORED','February 27, 2025 2:11:pm  ','Completed','For official use of ORED'),(282,'2025-02-010','1705',NULL,'','TOILETTISSUEPAPER','2-ply sheets, 12rolls/pack, 8packs/box','100.51 ','5','ORED-ORED','February 27, 2025 2:12:pm  ','Completed','For official use of ORED'),(283,'2025-02-010','1597',NULL,'','TapeFlags','Tape Flags, Writable, Durable 14mm x 60mm (100 pieces per pad) 4 pads/pack (assorted color)','138.00 ','5','ORED-ORED','February 27, 2025 2:13:pm  ','Completed','For official use of ORED'),(284,'2025-02-011','1676',NULL,'','PAPER','Multicopy, A4, 80gsm, 210x297mm','213.80 ','10','FD-BUDGET','February 27, 2025 5:01:pm  ','Completed','for printing documents etc..'),(285,'2025-02-012','1611',NULL,'','Dishwashing Liquid','Calamansi, (dwl green),1 GALLON','149.00 ','1','ORED-ORED','February 28, 2025 8:18:am  ','Completed','For official use of ORED'),(286,'2025-02-012','1631',NULL,'','HandSoap','Antibacterial Liquid Hand Soap 500 ML','80.00 ','3','ORED-ORED','February 28, 2025 8:19:am  ','Completed','For official use of ORED'),(287,'2025-02-012','1454',NULL,'','GELPEN','Pen tip size: 0.5 mm; Color: Purple','21.00 ','2','ORED-ORED','February 28, 2025 8:21:am  ','Completed','For official use of ORED'),(288,'2025-02-012','1693',NULL,'','SCISSORS','Symmetrical Blade, 65mm','65.52 ','1','ORED-ORED','February 28, 2025 8:24:am  ','Completed','For official use of ORED'),(289,'2025-02-013','1675',NULL,'','PAPERCLIP','vinyl/plastic coated, 33mm','8.84 ','5','LPDD-PDS','February 28, 2025 10:31:am  ','For Delivery','for official use of LPDD'),(290,'2025-02-013','1666',NULL,'','FILEORGANIZER','expanding, plastic, 12 pockets','90.20 ','2','LPDD-PDS','February 28, 2025 10:31:am  ','For Delivery','for official use of LPDD'),(291,'2025-02-013','1615',NULL,'','Disinfection Spray','at least 500ml','541.00 ','2','LPDD-PDS','February 28, 2025 10:32:am  ','For Delivery','for official use of LPDD'),(292,'2025-02-013','1555',NULL,'','Ruler','Metal ruler, 12 inches','45.00 ','1','LPDD-PDS','February 28, 2025 10:42:am  ','For Delivery','for official use of LPDD'),(293,'2025-02-013','1537',NULL,'','Paperclip','vinyl coated : jumbo / 50mm (100pieces per box)','16.00 ','5','LPDD-PDS','February 28, 2025 10:43:am  ','For Delivery','for official use of LPDD'),(294,'2025-02-013','1431',NULL,'','ENVELOPE','Expandable plastic with handle, legal','72.00 ','3','LPDD-PDS','February 28, 2025 10:45:am  ','For Delivery','for official use of LPDD'),(295,'2025-02-013','1398',NULL,'','BATTERY','DRY CELL SIZE AAA,4pieces /pack','120.00 ','5','LPDD-PDS','February 28, 2025 10:45:am  ','For Delivery','for official use of LPDD'),(296,'2025-02-014','1645',NULL,'','Tissue','2-Ply Unscented Facial Tissue','138.00 ','1','AD-PS','February 28, 2025 11:46:am  ','Completed','Procurement use'),(297,'2025-02-015','1615',NULL,'','Disinfection Spray','at least 500ml','541.00 ','2','AD-PS','February 28, 2025 11:47:am  ','Completed','for storage room'),(298,'2025-02-016','1648',NULL,'','TISSUE','TISSUE, INTERFOLDED PAPER TOWEL, 300 pulls','252.00 ','10','ARD-TS','February 28, 2025 1:58:pm  ','Completed','official use of the OARDTS personnel'),(299,'2025-02-017','1648',NULL,'','TISSUE','TISSUE, INTERFOLDED PAPER TOWEL, 300 pulls','252.00 ','30','FD-BUDGET','February 28, 2025 2:09:pm  ','Completed','.'),(300,'2025-02-018','1425',NULL,'','DATAFOLDER','Folder long with built-in Tagia lock- Red','86.00 ','100','FD-BUDGET','February 28, 2025 2:10:pm  ','Completed','..'),(303,'2025-03-019','1648',NULL,'','TISSUE','TISSUE, INTERFOLDED PAPER TOWEL, 300 pulls','252.00 ','12','ARD-MS','March 3, 2025 6:53:am  ','Completed','For official use at the OARD-MS'),(304,'2025-03-020','1577',NULL,'','Signpen','medium tip, blue 0.5','8.00 ','6','ARD-MS','March 3, 2025 7:00:am  ','Completed','For oFficial use at the OARD-MS'),(305,'2025-03-021','1633',NULL,'','INSECTICIDESPRAY','at least 500ml','326.00 ','1','ARD-MS','March 3, 2025 7:02:am  ','Completed','For official use at the OARD-MS'),(306,'2025-03-021','1695',NULL,'','TAPE','Transparent, 24mm','11.37 ','6','ARD-MS','March 3, 2025 7:04:am  ','Completed','For official use at the OARD-MS'),(307,'2025-03-022','1633',NULL,'','INSECTICIDESPRAY','at least 500ml','326.00 ','2','LPDD-PDS','March 3, 2025 12:50:pm  ','For Delivery','for official use of LPDD-PDS'),(308,'2025-03-023','1468',NULL,'','Ink','refill Epson 003 - Black','343.00 ','3','PMD-RICTU','March 3, 2025 1:27:pm  ','Completed','For official use of PMD RICTU'),(309,'2025-03-023','1469',NULL,'','Ink','refill Epson 003 - Cyan','349.00 ','3','PMD-RICTU','March 3, 2025 1:27:pm  ','Completed','For official use of PMD RICTU'),(310,'2025-03-023','1470',NULL,'','Ink','refill Epson 003 - Magenta','349.00 ','3','PMD-RICTU','March 3, 2025 1:27:pm  ','Completed','For official use of PMD RICTU'),(311,'2025-03-023','1471',NULL,'','Ink','refill Epson 003 - Yellow','349.00 ','3','PMD-RICTU','March 3, 2025 1:27:pm  ','Completed','For official use of PMD RICTU'),(312,'2025-03-024','1686',NULL,'','SIGNPEN','Red, liquid/gel ink, 0.5mm','30.45 ','3','AD-PS','March 3, 2025 1:29:pm  ','Completed','For official use of the Utility Personnel'),(313,'2025-03-025','1537',NULL,'','Paperclip','vinyl coated : jumbo / 50mm (100pieces per box)','16.00 ','2','AD-CASH','March 3, 2025 1:45:pm  ','Completed','for vouchers and submission of reports to bank'),(314,'2025-03-025','1538',NULL,'','Paperclip','vinyl coated : small / 33mm (100pieces per box)','7.00 ','2','AD-CASH','March 3, 2025 1:46:pm  ','Completed','for vouchers and submission of reports to bank'),(315,'2025-03-026','1648',NULL,'','TISSUE','TISSUE, INTERFOLDED PAPER TOWEL, 300 pulls','252.00 ','9','ORED-MBSCMO','March 3, 2025 3:21:pm  ','Completed','for MBSCMO personnel use'),(316,'2025-03-027','1424',NULL,'','DATAFOLDER','Folder long with built-in Taglia lock- Green','86.00 ','300','FD-BUDGET','March 3, 2025 3:24:pm  ','Completed','for filing paid vouchers for submission to COA '),(317,'2025-03-028','1423',NULL,'','DATAFOLDER','Folder long with built-in Taglia lock - Blue','86.00 ','100','FD-BUDGET','March 3, 2025 3:25:pm  ','Completed','for filing paid vouchers for submission to COA '),(318,'2025-03-029','1631',NULL,'','HandSoap','Antibacterial Liquid Hand Soap 500 ML','80.00 ','2','FD-BUDGET','March 3, 2025 3:44:pm  ','Completed',','),(319,'2025-03-030','1587',NULL,'','TAPE','TAPE, transparent, 48 mm','29.00 ','3','FD-BUDGET','March 3, 2025 4:27:pm  ','Completed','..'),(320,'2025-03-031','1695',NULL,'','TAPE','Transparent, 24mm','11.37 ','5','FD-BUDGET','March 4, 2025 10:24:am  ','Completed',',,'),(321,'2025-03-032','1618',NULL,'','Facemask','disposable, 2 ply','52.00 ','1','AD-HRDS','March 5, 2025 9:04:am  ','Completed','To be used in  2025 ENRA'),(322,'2025-03-033','1390',NULL,'','BALLPEN','BLACK 0.7mm','5.00 ','20','SMD-OSMD','March 5, 2025 4:19:pm  ','Completed','Legal Brown Envelope 50 pc'),(325,'2025-03-034','1398',NULL,'','BATTERY','DRY CELL SIZE AAA,4pieces /pack','120.00 ','4','PMD-RICTU','March 6, 2025 9:57:am  ','Completed','For official use of PMD'),(326,'2025-03-034','1396',NULL,'','BallpointPen','Retractable ballpoint pen BP-145-F 0.5mm (black)','41.00 ','30','PMD-RICTU','March 6, 2025 10:00:am  ','Completed','For official use of PMD'),(327,'2025-03-034','1675',NULL,'','PAPERCLIP','vinyl/plastic coated, 33mm','8.84 ','2','PMD-RICTU','March 6, 2025 10:19:am  ','Completed','For official use of PMD'),(328,'2025-03-035','1638',NULL,'','Papershredder','(5 sheets max), 11L waste bin','2,487.00 ','1','SMD-OSMD','March 6, 2025 2:30:pm  ','Completed','For grooming of documents.\r\n'),(329,'2025-03-035','1695',NULL,'','TAPE','Transparent, 24mm','11.37 ','20','SMD-OSMD','March 6, 2025 2:31:pm  ','Completed','For grooming of documents.\r\n'),(330,'2025-03-035','1660',NULL,'','DATAFILEBOX','made of chipboard, wih closed ends','145.89 ','5','SMD-OSMD','March 6, 2025 2:32:pm  ','Completed','For grooming of documents.\r\n'),(331,'2025-03-036','1648',NULL,'','TISSUE','TISSUE, INTERFOLDED PAPER TOWEL, 300 pulls','252.00 ','15','ORED-ORED','March 7, 2025 11:41:am  ','Completed','For official use'),(332,NULL,'1676',NULL,'','PAPER','Multicopy, A4, 80gsm, 210x297mm','213.80 ','3',NULL,'March 7, 2025 1:58:pm  ','Pending',NULL),(333,NULL,'1676',NULL,'','PAPER','Multicopy, A4, 80gsm, 210x297mm','213.80 ','3','CDD-CRFMS','March 7, 2025 2:00:pm  ','Pending',NULL),(335,NULL,'1519',NULL,'','Paper','PHOTOPAPER, A4 Glossy 20s per pack','57.00 ','5','FD-BUDGET','March 7, 2025 5:45:pm  ','Pending',NULL),(336,NULL,'1637',NULL,'','PaperCutter','A4','995.00 ','1','FD-BUDGET','March 7, 2025 5:46:pm  ','Pending',NULL),(337,NULL,'1456',NULL,'','GLUE','all-purpose bottle 240g','113.00 ','2','FD-BUDGET','March 7, 2025 5:46:pm  ','Pending',NULL),(338,NULL,'1583',NULL,'','Stickynotes','Sticky notes 3x3','18.00 ','10','FD-BUDGET','March 7, 2025 5:47:pm  ','Pending',NULL),(344,'2025-03-037','1613',NULL,'','Dishwashing Liquid','Dishwashing Liquid, kalamansi, 780ml','228.00 ','1','ORED-ORED','March 10, 2025 9:35:am  ','Requested','For office use'),(345,'2025-03-037','1634',NULL,'','KitchenTowel','All Purpose Kitchen Towel, 2-ply 150 sheets','55.00 ','5','ORED-ORED','March 10, 2025 9:36:am  ','Requested','For office use'),(349,'2025-03-037','1564',NULL,'','Signpen','BXV7, 0.7mm (blue)','75.00 ','5','ORED-ORED','March 10, 2025 1:25:pm  ','Requested','For office use'),(350,'2025-03-037','1577',NULL,'','Signpen','medium tip, blue 0.5','8.00 ','5','ORED-ORED','March 10, 2025 1:27:pm  ','Requested','For office use');
/*!40000 ALTER TABLE `requeststocktemp` ENABLE KEYS */;
UNLOCK TABLES;

--
-- Table structure for table `stock`
--

DROP TABLE IF EXISTS `stock`;
/*!40101 SET @saved_cs_client     = @@character_set_client */;
/*!50503 SET character_set_client = utf8mb4 */;
CREATE TABLE `stock` (
  `stock_id` int(20) NOT NULL AUTO_INCREMENT,
  `engas_id` varchar(200) DEFAULT NULL,
  `sku` varchar(200) CHARACTER SET latin1 COLLATE latin1_swedish_ci DEFAULT NULL,
  `product` varchar(200) CHARACTER SET latin1 COLLATE latin1_swedish_ci DEFAULT NULL,
  `description` varchar(200) CHARACTER SET latin1 COLLATE latin1_swedish_ci DEFAULT NULL,
  `rate` varchar(200) CHARACTER SET latin1 COLLATE latin1_swedish_ci DEFAULT NULL,
  `unit` varchar(200) CHARACTER SET latin1 COLLATE latin1_swedish_ci DEFAULT NULL,
  `threshold` varchar(200) CHARACTER SET latin1 COLLATE latin1_swedish_ci DEFAULT NULL,
  `amount` varchar(200) CHARACTER SET latin1 COLLATE latin1_swedish_ci DEFAULT NULL,
  `wish` varchar(200) CHARACTER SET latin1 COLLATE latin1_swedish_ci DEFAULT NULL,
  PRIMARY KEY (`stock_id`)
) ENGINE=InnoDB AUTO_INCREMENT=1707 DEFAULT CHARSET=utf8mb4 COLLATE=utf8mb4_unicode_ci;
/*!40101 SET character_set_client = @saved_cs_client */;

--
-- Dumping data for table `stock`
--

LOCK TABLES `stock` WRITE;
/*!40000 ALTER TABLE `stock` DISABLE KEYS */;
INSERT INTO `stock` VALUES (1384,'10404010-00-01-P0001',NULL,'ACETATE','Clear Acetate Sheet A4(10pieces/pack)','0','pack','5','65',NULL),(1385,'10404010-00-01-P0002',NULL,'Acrylic holder/stand','(Toblerone type) clear 2mm, 12inches x 3.5inches','0','piece','5','280.00 ',NULL),(1386,'10404010-00-01-P0003',NULL,'Ballpen','BLACK Hi-Tecpoint V7 RT Retractable Rollerball Pen\r\n Model: BX-RT-V5 0.7mm	','12','piece','12','75.00 ',NULL),(1387,'10404010-00-01-P0004',NULL,'Ballpen','BLUE Hi-Tecpoint V7 RT Retractable Rollerball Pen\r\n Model: BX-RT-V5 0.7mm','12','piece','12','75.00 ',NULL),(1388,'10404010-00-01-P0005',NULL,'Ballpen','RED Hi-Tecpoint V7 RT Retractable Rollerball Pen\r\n Model: BX-RT-V5 0.7mm','12','piece','12','75.00 ',NULL),(1389,'10404010-00-01-P0006',NULL,'Ballpen','(BP-1 Retractable Ballpoint pen black)','240','piece','24','45.00 ',''),(1390,'10404010-00-01-P0007',NULL,'BALLPEN','BLACK 0.7mm','1024','piece','0','5.00 ',''),(1391,'10404010-00-01-P0008',NULL,'BallpointPen','G-Tech Ballpoint Pen, box of 12, Blue','0','box','0','728.00 ',''),(1392,'10404010-00-01-P0009',NULL,'BallpointPen','G-Tech Ballpoint Pen, box of 12, Red','1','box','0','728.00 ',''),(1393,'10404010-00-01-P0010',NULL,'BallpointPen','Retractable ball point pen (Black)','0','piece','24','13.00 ',NULL),(1394,'10404010-00-01-P0011',NULL,'BallpointPen','Retractable ball point pen (Blue)','0','piece','24','13.00 ',NULL),(1395,'10404010-00-01-P0012',NULL,'BallpointPen','Retractable ball point pen (Red)','0','piece','24','13.00 ',NULL),(1396,'10404010-00-01-P0013',NULL,'BallpointPen','Retractable ballpoint pen BP-145-F 0.5mm (black)','50','piece','0','41.00 ',''),(1397,'10404990-00-P0001',NULL,'BATTERY','DRY CELL SIZE AA, 4pieces/pack','226','pack','20','87.25 ',''),(1398,'10404990-00-P0002',NULL,'BATTERY','DRY CELL SIZE AAA,4pieces /pack','46','pack','20','120.00 ',''),(1399,'10404990-00-P0003',NULL,'Battery','D, 2pieces/pack','10','pack','2','204.00 ',''),(1400,'10404990-00-P0004',NULL,'Battery','9.0V','0','piece','2','153.00 ',NULL),(1401,'10404990-00-P0005',NULL,'Battery','CR-2032','25','piece','5','51.00 ',''),(1402,'10404990-00-P0006',NULL,'Batterywithcharger','AA NiMH rechargeable battery 4 pieces / set with 4-slot Tape screen independent charging charger','0','set','0','738.00 ',NULL),(1403,'10404990-00-P0007',NULL,'Batterywithcharger','AAA NiMH rechargeable battery 4 pieces / set with 4-slot Tape screen independent charging charger','2','set','0','738.00 ',''),(1404,'10404010-00-01-P0014',NULL,'BINDINGCOVER','BINDING COVER, 230 gsm, Book Cover, A4, Black','0','pack','0','143.00 ',NULL),(1405,'10404010-00-01-P0015',NULL,'CableTie','Cable Tie Nylon Wire (100pieces per pack, 8 inches)','0','pack','2','275.00 ',NULL),(1406,'10404010-00-01-P0016',NULL,'Calculator','compact, 12 digits','12','piece','2','298.00 ',''),(1407,'10404010-00-01-P0017',NULL,'Certificateholder','Legal','0','piece','30','40.00 ',NULL),(1408,'10404010-00-01-P0018',NULL,'Certificateholder','A4','15','piece','30','38.00 ',NULL),(1409,'10404010-00-01-P0019',NULL,'Cleaner for toilet bowl andurinal','for toilet bowl and urinal','48','bottle','5','171.00 ',''),(1410,'10404010-00-01-P0020',NULL,'CLEARBOOK','Legal size 20 Transparent Pockets','4','piece','5','36.00 ',''),(1411,'10404010-00-01-P0021',NULL,'CLIP','backfold, 19mm, (12pieces per box)','93','box','24','13.00 ',''),(1412,'10404010-00-01-P0022',NULL,'CLIP','backfold, 25mm, (12pieces per box)','150','box','24','17.00 ',''),(1413,'10404010-00-01-P0023',NULL,'CLIP','backfold, 32mm, (12pieces per box)','127','box','24','28.00 ',''),(1414,'10404010-00-01-P0024',NULL,'CLIP','backfold, 50mm, (12pieces per box)','79','box','12','62.00 ',''),(1415,'10404010-00-01-P0025',NULL,'Clip Board with Cover','CLIPBOARD 5011 long with cover wire clip pvc material vertical with pen holder red\r\nWeight : 0.332kg, Length : 33.02 cm, Width : 24.765 cm, Height : 0.07 cm','0','piece','0','206.00 ',NULL),(1416,'10404010-00-01-P0026',NULL,'Clipboard','(clipboard Lawanit legal brown)','17','piece','5','58.00 ',''),(1417,'10404010-00-01-P0027',NULL,'CorrectableFilmRibbon','(electric typewriter)','0','box','2','228.00 ',NULL),(1418,'10404010-00-01-P0028',NULL,'CORRUGATEDBOXES','13 x 9 x 6inches','0','piece','3','138.00 ',NULL),(1419,'10404010-00-01-P0029',NULL,'CutterBlade','For Heavy Duty Cutter','0','tube','2','20.00 ','ARD-MS'),(1420,'10404010-00-01-P0030',NULL,'CUTTERKNIFE','for general purpose','1','piece','5','101.00 ',NULL),(1421,'10404010-00-01-P0031',NULL,'DATAFOLDER','Horizontal, Long (assorted color)','31','piece','1','86.00 ',''),(1422,'10404010-00-01-P0032',NULL,'DATAFOLDER','Horizontal, A4 (assorted color)','30','piece','1','86.00 ',''),(1423,'10404010-00-01-P0033',NULL,'DATAFOLDER','Folder long with built-in Taglia lock - Blue','33','piece','30','86.00 ',''),(1424,'10404010-00-01-P0034',NULL,'DATAFOLDER','Folder long with built-in Taglia lock- Green','50','piece','30','86.00 ',''),(1425,'10404010-00-01-P0035',NULL,'DATAFOLDER','Folder long with built-in Tagia lock- Red','23','piece','30','86.00 ','FD-BUDGET'),(1426,'10404010-00-01-P0038',NULL,'DryLift-Offtape','Dry Lift-Off tape for electric typewriter','0','box','1','892.00 ',NULL),(1427,'10404010-00-01-P0039',NULL,'ENVELOPE','Mailing white','0','box','1','292.00 ',NULL),(1428,'10404010-00-01-P0040',NULL,'ENVELOPE','MAILING, WITH WINDOW white','0','box','1','378.00 ',NULL),(1429,'10404010-00-01-P0041',NULL,'ENVELOPE','Documentary, A4','0','box','1','658.00 ',NULL),(1430,'10404010-00-01-P0042',NULL,'ENVELOPE','Documentary, legal','0','box','1','755.00 ','SMD-OSMD'),(1431,'10404010-00-01-P0043',NULL,'ENVELOPE','Expandable plastic with handle, legal','12','piece','2','72.00 ',''),(1432,'10404010-00-01-P0044',NULL,'ENVELOPE','Plastic with handle, legal size','0','piece','2','72.00 ',NULL),(1433,'10404010-00-01-P0045',NULL,'ENVELOPE','Plastic, Long','0','piece','2','20.00 ',NULL),(1434,'10404010-00-01-P0046',NULL,'ERASER','RUBBER','0','piece','5','9.25 ',NULL),(1435,'10404010-00-01-P0047',NULL,'Eraser','Soft Hi-Polymer','0','piece','5','42.50 ',NULL),(1436,'10404010-00-01-P0048',NULL,'Eraser','Super Hard Hi-Polymer','0','piece','5','46.00 ',NULL),(1437,'10404010-00-01-P0049',NULL,'EraserShield','Metal Thin','0','piece','2','55.00 ',NULL),(1438,'10404010-00-01-P0050',NULL,'Fastener','Metal','61','box','10','45.00 ',''),(1439,'10404010-00-01-P0051',NULL,'FILETABDIVIDER','A4 10s','20','pack','2','51.00 ',''),(1440,'10404010-00-01-P0052',NULL,'FILETABDIVIDER','Legal 10s','20','pack','2','62.00 ',''),(1441,'10404010-00-01-P0053',NULL,'Folder','Press Board, Legal - white','150','piece','15','18.00 ',''),(1442,'10404010-00-01-P0054',NULL,'Folder','Presentation Plastic Front with Fastener, Black Color, Size A4','0','piece','5','27.50 ',NULL),(1443,'10404010-00-01-P0055',NULL,'Folder','Presentation Plastic Front with Fastener, Black Color, Long size','0','piece','5','29.00 ',NULL),(1444,'10404010-00-01-P0056',NULL,'Folder','Sliding folder, legal (brown)','0','piece','5','16.00 ',NULL),(1445,'10404010-00-01-P0057',NULL,'Folder','Matte Colored Pressboard Folder : Legal (Yellow)','0','piece','20','14.00 ',NULL),(1446,'10404010-00-01-P0058',NULL,'Folder','Pressboard Folder Legal (green/blue color)','0','piece','2','14.00 ',NULL),(1447,'10404010-00-01-P0059',NULL,'Folder','with Tab, A4 - white','100','piece','10','4.25 ',''),(1448,'10404010-00-01-P0060',NULL,'Folder','with Tab, Legal - white','1300','piece','10','4.50 ',''),(1449,'10404010-00-01-P0061',NULL,'FolderDivider','A4 size - 5 tabs per pack','0','pack','2','25.00 ',NULL),(1450,'10404010-00-01-P0062',NULL,'FolderDivider','Legal size - 5 tabs per pack','0','pack','2','31.00 ',NULL),(1451,'10404010-00-01-P0063',NULL,'GelPen','0.5 (Black)','280','piece','12','8.00 ',''),(1452,'10404010-00-01-P0064',NULL,'GelPen','0.5 (Blue)','0','piece','12','8.00 ','ARD-MS'),(1453,'10404010-00-01-P0065',NULL,'GELPEN','Pen tip size: 0.5 mm; Color: Green','24','piece','12','8.00 ',''),(1454,'10404010-00-01-P0066',NULL,'GELPEN','Pen tip size: 0.5 mm; Color: Purple','22','piece','12','21.00 ',''),(1455,'10404010-00-01-P0067',NULL,'Glue','all purpose, gross weight: 200 grams min','1','jar','2','155.00 ',NULL),(1456,'10404010-00-01-P0068',NULL,'GLUE','all-purpose bottle 240g','5','bottle','2','113.00 ',''),(1457,'10404010-00-01-P0069',NULL,'GLUE','all-purpose bottle 40ml','28','bottle','2','28.00 ',''),(1458,'10404010-00-01-P0070',NULL,'GlueGun','(20W High Quality Hot Melt)','1','piece','0','226.00 ',''),(1459,'10404010-00-01-P0071',NULL,'Gluestick','(100pieces per pack, hot melt glue stick, 7mm x 190mm)','1','pack','0','495.00 ',''),(1460,'10404010-00-01-P0072',NULL,'IndexCard','Index Card 5x8 inches, White','0','pack','1','57.00 ',NULL),(1461,'10404010-00-01-P0073',NULL,'INDEXTAB','INDEX TAB, self-adhesive, transparent','220','box','10','101.00 ',''),(1462,'10404010-00-02-P0001',NULL,'Ink','refill Epson 001 - Black','33','bottle','10','583.00 ',''),(1463,'10404010-00-02-P0002',NULL,'Ink','refill Epson 001 - Cyan','28','bottle','10','378.00 ',''),(1464,'10404010-00-02-P0003',NULL,'Ink','refill Epson 001 - Magenta','28','bottle','10','378.00 ',''),(1465,'10404010-00-02-P0004',NULL,'Ink','refill Epson 001 - Yellow','28','bottle','10','378.00 ',''),(1466,'10404010-00-02-P0005',NULL,'Ink','for Canon Pixma TR150 black','9','piece','1','1,041.00 ',''),(1467,'10404010-00-02-P0006',NULL,'Ink','for Canon Pixma TR150 CLI36 tricolor','4','piece','1','1,555.00 ',''),(1468,'10404010-00-02-P0007',NULL,'Ink','refill Epson 003 - Black','68','bottle','10','343.00 ',''),(1469,'10404010-00-02-P0008',NULL,'Ink','refill Epson 003 - Cyan','31','bottle','10','349.00 ',''),(1470,'10404010-00-02-P0009',NULL,'Ink','refill Epson 003 - Magenta','31','bottle','10','349.00 ',''),(1471,'10404010-00-02-P0010',NULL,'Ink','refill Epson 003 - Yellow','31','bottle','10','349.00 ',''),(1472,'10404010-00-02-P0011',NULL,'Ink','refill Epson 664 - Black','0','bottle','2','343.00 ','CDD-CRFMS'),(1473,'10404010-00-02-P0012',NULL,'Ink','refill Epson 664 - Cyan','0','bottle','2','349.00 ',NULL),(1474,'10404010-00-02-P0013',NULL,'Ink','refill Epson 664 - Magenta','0','bottle','2','349.00 ',NULL),(1475,'10404010-00-02-P0014',NULL,'Ink','refill Epson 664 - Yellow','0','bottle','2','349.00 ',NULL),(1476,'10404010-00-02-P0015',NULL,'Ink','refill Epson 008 - Black','45','bottle','2','1,018.00 ',''),(1477,'10404010-00-02-P0016',NULL,'Ink','refill Epson 008 - Cyan','45','bottle','2','824.00 ',''),(1478,'10404010-00-02-P0017',NULL,'Ink','refill Epson 008 - Magenta','45','bottle','2','824.00 ',''),(1479,'10404010-00-02-P0018',NULL,'Ink','refill Epson 008 - Yellow','45','bottle','2','824.00 ',''),(1480,'10404010-00-02-P0019',NULL,'Ink','T290 tri-colour','0','cartridge','1','972.00 ',NULL),(1481,'10404010-00-02-P0020',NULL,'Ink','T289 black','0','cartridge','1','1,041.00 ',NULL),(1482,'10404010-00-02-P0021',NULL,'Ink','PG-745 black','0','cartridge','1','1,441.00 ',NULL),(1483,'10404010-00-02-P0022',NULL,'Ink','PG-746 tri-colour','0','cartridge','1','2,173.00 ',NULL),(1484,'10404010-00-02-P0023',NULL,'Ink','Canon - CLI-36 (Color)','0','piece','1','1,555.00 ',NULL),(1485,'10404010-00-02-P0024',NULL,'Ink','Canon -PGI-35 PGBK','0','piece','1','1,024.00 ',NULL),(1486,'10404010-00-02-P0025',NULL,'Ink','Canon GI1790 (Magenta)','0','bottle','1','481.00 ',NULL),(1487,'10404010-00-02-P0026',NULL,'Ink','Canon GI1790 (Yellow)','0','bottle','1','452.00 ',NULL),(1488,'10404010-00-02-P0027',NULL,'Ink','Canon GI1790 (black)','0','bottle','1','452.00 ',NULL),(1489,'10404010-00-02-P0028',NULL,'Ink','Canon GI1790 (Cyan)','0','bottle','1','452.00 ',NULL),(1490,'10404010-00-02-P0029',NULL,'Ink','HP LASERJET PRINT CARTRIDGE CF217A','0','piece','1','4,802.00 ',NULL),(1491,'10404010-00-02-P0030',NULL,'Ink','HP 955XL BLACK Original Ink Cartridge','20','piece','1','2,857.00 ',''),(1492,'10404010-00-02-P0031',NULL,'Ink','HP 955XL Yellow Original Ink Cartridge','20','piece','1','1,828.00 ',''),(1493,'10404010-00-02-P0032',NULL,'Ink','HP 955XL Cyan Original Ink Cartridge','20','piece','1','1,828.00 ',''),(1494,'10404010-00-02-P033',NULL,'Ink','HP 955XL Magenta Original Ink Cartridge','20','piece','1','1,828.00 ',''),(1495,'10404010-00-02-P0034',NULL,'Ink','Toner Cartridge (Laserjet Pro MFO M130fn) 17A Black','3','piece','1','4,975.00 ',''),(1496,'10404010-00-02-P0035',NULL,'Ink','Canon IX6770 Black','0','cartridge','1','1,340.00 ',NULL),(1497,'10404010-00-02-P0036',NULL,'Ink','Canon IX6770 PGBK','0','cartridge','1','1,140.00 ',NULL),(1498,'10404010-00-02-P0037',NULL,'Ink','Canon IX6770 Magenta','0','cartridge','1','1,140.00 ',NULL),(1499,'10404010-00-02-P0038',NULL,'Ink','Canon IX6770 Cyan','0','cartridge','1','1,140.00 ',NULL),(1500,'10404010-00-02-P0039',NULL,'Ink','Canon IX6770 Yellow','0','cartridge','1','1,140.00 ',NULL),(1501,'10404010-00-02-P0040',NULL,'Ink','GT52 Ink (Cyan, bottle)','0','bottle','1','342.00 ',NULL),(1502,'10404010-00-02-P0041',NULL,'Ink','GT52 Ink (magenta, bottle)','0','bottle','1','342.00 ',NULL),(1503,'10404010-00-02-P0042',NULL,'Ink','GT52 Ink (Yellow, bottle)','0','bottle','1','342.00 ',NULL),(1504,'10404010-00-02-P0043',NULL,'Ink','GT52 Ink (Black, bottle)','0','bottle','1','342.00 ',NULL),(1505,'10404010-00-01-P0074',NULL,'Labelling Tape','Labelling Tape (BROTHER 0.47inches) 3 pack','0','set','1','892.00 ',NULL),(1506,'10404010-00-01-P0075',NULL,'LAMINATING FILM','ROLL12inches 250 microns','0','roll','1','1,018.00 ',NULL),(1507,'10404010-00-01-P0076',NULL,'Laminating film','20s 250 microns A4','31','pack','3','174.00 ',''),(1508,'10404010-00-01-P0077',NULL,'Lead','Lead blister pack for mechanical pencil, HB (0.7mm)','0','pack','2','532.00 ',NULL),(1509,'10404010-00-01-P0078',NULL,'MARKER','fluorescent assorted color','29','piece','5','14.00 ',''),(1510,'10404010-00-01-P0079',NULL,'MARKER','Permanent, Black','441','piece','12','12.00 ',''),(1511,'10404010-00-01-P0080',NULL,'MARKER','Permanent, Blue','0','piece','12','12.00 ',NULL),(1512,'10404010-00-01-P0081',NULL,'MARKER','Permanent, Red','0','piece','12','12.00 ',NULL),(1513,'10404010-00-01-P0082',NULL,'MARKER','Whiteboard (Black)','151','piece','12','23.00 ',''),(1514,'10404010-00-01-P0083',NULL,'MARKER','Whiteboard (Blue)','0','piece','12','23.00 ',NULL),(1515,'10404010-00-01-P0084',NULL,'MARKER','Whiteboard (Red)','0','piece','12','23.00 ',NULL),(1516,'10404010-00-01-P0085',NULL,'MARKER','Whiteboard, Chisel (Blue)','30','piece','3','23.00 ',''),(1517,'10404010-00-01-P0086',NULL,'MARKER','Whiteboard, Chisel (Red)','30','piece','3','23.00 ',''),(1518,'10404010-00-01-P0087',NULL,'Paper','BOND PAPER, A3 Bond Paper, 80 GSM','5','ream','1','498.00 ',''),(1519,'10404010-00-01-P0088',NULL,'Paper','PHOTOPAPER, A4 Glossy 20s per pack','22','pack','5','57.00 ',''),(1520,'10404010-00-01-P0089',NULL,'Paper','SPECIALTY PAPER, 100gsm, white, A4, 20s/pack','62','pack','5','80.00 ',''),(1521,'10404010-00-01-P0090',NULL,'Paper','SPECIALTY PAPER, 100gsm, white, Legal, 20s/pack','0','pack','5','85.00 ',NULL),(1522,'10404010-00-01-P0091',NULL,'Paper','SPECIALTY PAPER, 100gsm, High White Laid, A4','23','ream','5','389.00 ',''),(1523,'10404010-00-01-P0092',NULL,'Paper','SPECIALTY PAPER, 100gsm, High White Laid, Legal 20s/pack','50','pack','5','85.00 ',''),(1524,'10404010-00-01-P0093',NULL,'Paper','Special Paper/Linen Paper, 120 to 160 gsm (A4 size), white, 10pieces./pack','1','pack','5','75.00 ',NULL),(1525,'10404010-00-01-P0094',NULL,'Paper','Special Paper/Linen Paper, 120 to160 gsm, (Legal size), White, 10pieces./pack','20','pack','5','86.00 ',''),(1526,'10404010-00-01-P0095',NULL,'Paper','Board Paper, 170 to 220 gsm, (A4 size) White; 10 pieces./pack','20','pack','5','29.00 ',''),(1527,'10404010-00-01-P0096',NULL,'Paper','Board Paper, 170 to 220 gsm, (Legal size) White; 10 pieces./pack','20','pack','5','31.00 ',''),(1528,'10404010-00-01-P0097',NULL,'Paper','Vellum board, White, A4 size, 10 pieces per pack','0','pack','5','32.00 ',NULL),(1529,'10404010-00-01-P0098',NULL,'Paper','Vellum board, White, A4 size, 220 gsm, 10 pieces per pack','360','pack','5','32.00 ',''),(1530,'10404010-00-01-P0099',NULL,'Paper','Board Paper, Long, A4 (Colored - any color or assorted)','10','pack','5','84.00 ',''),(1531,'10404010-00-01-P0100',NULL,'Paper','Sticker paper 5s','19','pack','5','67.00 ',''),(1532,'10404010-00-01-P0101',NULL,'Paper','Sticker Paper : Glossy; A4 (10 sheets per pack)','5','pack','5','37.00 ',NULL),(1533,'10404010-00-01-P0102',NULL,'Paper','STICKER PAPER Matte finish 60 gsm A4 10 pieces/pack','10','pack','5','37.00 ',''),(1534,'10404010-00-01-P0103',NULL,'Paper','Sticker paper, A4, satin, 10 sheets per pack','6','pack','5','52.00 ',''),(1535,'10404010-00-01-P0104',NULL,'Paper','PAPER, PRINTABLE INKJET VINYL STICKER PAPER MATTE WATERPROOF 20 per pack A4','5','pack','5','223.00 ',NULL),(1536,'10404010-00-01-P0105',NULL,'Paper','PAPER, PRINTABLE INKJET VINYL STICKER PAPER GLOSSY WATERPROOF 20 per pack A4','5','pack','5','247.00 ',NULL),(1537,'10404010-00-01-P0106',NULL,'Paperclip','vinyl coated : jumbo / 50mm (100pieces per box)','100','box','10','16.00 ',''),(1538,'10404010-00-01-P0107',NULL,'Paperclip','vinyl coated : small / 33mm (100pieces per box)','9','box','10','7.00 ',''),(1539,'10404010-00-01-P0108',NULL,'Penholder','plastic, round','16','piece','1','29.00 ',''),(1540,'10404010-00-01-P0109',NULL,'Pencil','Mechanical Pencil, staedtler or equivalent with lead blister pack 0.7mm','10','piece','5','532.00 ',''),(1541,'10404010-00-01-P0110',NULL,'Plastic Spring Binder','6mm','0','piece','5','8.25 ',NULL),(1542,'10404010-00-01-P0111',NULL,'Plastic Spring Binder','10mm','0','piece','5','12.75 ',NULL),(1543,'10404010-00-01-P0112',NULL,'Plastic Spring Binder','12mm','0','piece','5','15.00 ',NULL),(1544,'10404010-00-01-P0113',NULL,'Plastic Spring Binder','14mm','0','piece','5','18.00 ',NULL),(1545,'10404010-00-01-P0114',NULL,'Plastic Spring Binder','16mm','0','piece','5','21.00 ',NULL),(1546,'10404010-00-01-P0115',NULL,'Puncher','3 hole puncher','0','piece','1','743.00 ',NULL),(1547,'10404010-00-01-P0116',NULL,'Puncher','Puncher, paper, heavy duty, with two hole guide\r\nPunches up to 25 SHEETS/70 GSM','6','piece','2','252.00 ',''),(1548,'10404010-00-01-P0117',NULL,'Puncher','Puncher, paper, heavy duty, with two hole guide\r\nSheet capacity is usually up to 45 sheets/80GSM','0','piece','1','1,127.00 ',NULL),(1549,'10404010-00-01-P0118',NULL,'PushPin','Push Pin','1','box','1','31.00 ',NULL),(1550,'10404010-00-01-P0119',NULL,'Report Cover Folder','A4 blue','0','piece','20','29.00 ',NULL),(1551,'10404010-00-01-P0120',NULL,'Report Cover Folder','Legal blue','0','piece','20','30.00 ',NULL),(1552,'10404010-00-01-P0121',NULL,'Ring binder','3 ring binder Size: A4; 1.5inches side thick (Black)','0','piece','1','269.00 ',NULL),(1553,'10404010-00-01-P0122',NULL,'Ring binder','3 ring binder Size: A4 ; 2.5inches side thick (Black)','0','piece','1','395.00 ',NULL),(1554,'10404010-00-01-P0123',NULL,'RubberBand','Rubber Band, 350 gms, round, natural','14','box','5','166.00 ',''),(1555,'10404010-00-01-P0124',NULL,'Ruler','Metal ruler, 12 inches','9','piece','2','45.00 ',''),(1556,'10404010-00-01-P0126',NULL,'SignPen','V5, Liquid Ink Roller Ballpen, Sign Pen, Black 12/box','1','box','0','659.00 ',''),(1557,'10404010-00-01-P0127',NULL,'Signpen','(black, 0.4mm)','24','piece','12','25.00 ',''),(1558,'10404010-00-01-P0128',NULL,'Signpen','black 0.5mm','0','piece','12','21.00 ',NULL),(1559,'10404010-00-01-P0129',NULL,'Signpen','Black 0.7mm','50','piece','0','21.00 ',''),(1560,'10404010-00-01-P0130',NULL,'Signpen','blue (Rollerball pen blue with grip)','0','piece','12','75.00 ',NULL),(1561,'10404010-00-01-P0131',NULL,'Signpen','blue 0.5mm','0','piece','12','21.00 ','ARD-MS'),(1562,'10404010-00-01-P0132',NULL,'Signpen','Blue 0.7mm','0','piece','12','21.00 ',NULL),(1563,'10404010-00-01-P0133',NULL,'Signpen','BXV7, 0.7mm (black)','292','piece','0','75.00 ',''),(1564,'10404010-00-01-P0134',NULL,'Signpen','BXV7, 0.7mm (blue)','36','piece','0','75.00 ',''),(1565,'10404010-00-01-P0135',NULL,'Signpen','BXV7, 0.7mm (red)','12','piece','0','75.00 ',''),(1566,'10404010-00-01-P0136',NULL,'Signpen','Black','86','piece','0','21.00 ',''),(1567,'10404010-00-01-P0137',NULL,'Signpen','Extra Fine Tip, Black','50','piece','0','25.00 ',''),(1568,'10404010-00-01-P0138',NULL,'Signpen','Extra Fine Tip, Blue','40','piece','0','25.00 ',''),(1569,'10404010-00-01-P0139',NULL,'Signpen','Extra Fine Tip, Red','20','piece','0','25.00 ',''),(1570,'10404010-00-01-P0140',NULL,'Signpen','Faber Castell (F)','112','piece','12','75.00 ',''),(1571,'10404010-00-01-P0141',NULL,'Signpen','Faber Castell (S)','112','piece','12','75.00 ',''),(1572,'10404010-00-01-P0142',NULL,'Signpen','Fine Tip, Black 0.3','100','piece','12','25.00 ',''),(1573,'10404010-00-01-P0143',NULL,'Signpen','Fine Tip, Blue 0.3','50','piece','12','25.00 ',''),(1574,'10404010-00-01-P0144',NULL,'Signpen','high tech, black','48','piece','0','61.00 ',''),(1575,'10404010-00-01-P0145',NULL,'Signpen','liquid/gel ink, 0.5 needle tip (black)','0','piece','0','21.00 ',NULL),(1576,'10404010-00-01-P0146',NULL,'Signpen','medium tip, black 0.5','50','piece','0','8.00 ',''),(1577,'10404010-00-01-P0147',NULL,'Signpen','medium tip, blue 0.5','44','piece','0','8.00 ',''),(1578,'10404010-00-01-P0148',NULL,'Staple Wire','Staple Wire (standard) No. #35','92','box','10','21.00 ',''),(1579,'10404010-00-01-P0149',NULL,'Staple Wire','T50 Staple Wire for Staple Gun 1/2inches 12mm, 12504','0','box','1','412.00 ',NULL),(1580,'10404010-00-01-P0150',NULL,'Staple Wire','Staple wire #10, 1000pieces/box','20','box','5','7.00 ',''),(1581,'10404010-00-01-P0151',NULL,'Stickynotes','Sticky notes 1.5 x 1.5','0','pad','12','41.00 ',NULL),(1582,'10404010-00-01-P0152',NULL,'Stickynotes','Sticky notes 1.5 x 2','0','pad','12','21.00 ',NULL),(1583,'10404010-00-01-P0153',NULL,'Stickynotes','Sticky notes 3x3','48','pad','12','18.00 ',''),(1584,'10404010-00-01-P0154',NULL,'Stickynotes','Sticky notes 3x4','20','pad','12','23.00 ',''),(1585,'10404010-00-01-P0155',NULL,'Stickynotes','Sticky notes 2x3','153','pad','12','14.00 ',''),(1586,'10404010-00-01-P0156',NULL,'Stickynotes','Sticky notes 3x1.5','40','pad','12','86.00 ',''),(1587,'10404010-00-01-P0157',NULL,'TAPE','TAPE, transparent, 48 mm','50','roll','6','29.00 ',''),(1588,'10404010-00-01-P0158',NULL,'TAPE','TAPE, masking, 48 mm','23','roll','6','55.00 ',''),(1589,'10404010-00-01-P0159',NULL,'TAPE','TAPE, masking, 24mm','132','roll','12','28.00 ',''),(1590,'10404010-00-01-P0160',NULL,'TAPE','Double sided Adhesive Tape, 1 inch','33','roll','12','28.00 ',''),(1591,'10404010-00-01-P0161',NULL,'TAPE','Duct tape','0','roll','2','227.00 ',NULL),(1592,'10404010-00-01-P0162',NULL,'TAPE','Packaging tape','5','roll','2','29.00 ',''),(1593,'10404010-00-01-P0163',NULL,'TAPE','Packaging Tape, 3 inches size','2','roll','1','79.00 ',''),(1594,'10404010-00-01-P0164',NULL,'TAPE','Industrial grade Double Adhesive Tape 2 inches','0','roll','1','481.00 ',NULL),(1595,'10404010-00-01-P0165',NULL,'TAPE','Industrial grade Double Adhesive Tape 1 inch','0','roll','1','303.00 ',NULL),(1596,'10404010-00-01-P0166',NULL,'TAPE','Industrial grade Double Adhesive Tape 0.5 inch','0','roll','1','212.00 ',NULL),(1597,'10404010-00-01-P0167',NULL,'TapeFlags','Tape Flags, Writable, Durable 14mm x 60mm (100 pieces per pad) 4 pads/pack (assorted color)','199','pack','10','138.00 ',''),(1598,'10404010-00-01-P0168',NULL,'TechnicalPen','Technical Engineering Pen 0.3 Staedtler or equivalent','0','piece','1','1,585.00 ',NULL),(1599,'10404010-00-01-P0169',NULL,'TechnicalPen','Technical Engineering Pen 0.5 Staedtler or equivalent','0','piece','1','1,585.00 ',NULL),(1600,'10404010-00-01-P0170',NULL,'TechnicalPen','Technical Engineering Pen 1.2 Staedtler or equivalent','0','piece','1','1,585.00 ',NULL),(1601,'10404010-00-01-P0172',NULL,'Triangle','Triangle 30 degree x 60 degree','0','piece','1','332.00 ',NULL),(1602,'10404010-00-01-P0173',NULL,'Triangle','Triangle 45 degree x 90 degree','0','piece','1','332.00 ',NULL),(1603,'10404010-00-01-P0174',NULL,'TriangularScale','Triangular Scale, 30cm x 3cm','0','piece','1','223.00 ',NULL),(1604,'10404990-00-P0001',NULL,'AirFreshener','Bathroom Fresh, Refreshing Apple Scent, 2pieces/pack','9','pack','1','641.00 ',''),(1605,'10404990-00-P0002',NULL,'AirFreshener','Car Air Freshener, California Scent','9','piece','1','229.00 ',''),(1606,'10404990-00-P0003',NULL,'AirFreshener','Spray(300ml)\r\nSilver Aerosol Vanilla Cream Air Freshener 300mL','90','can','6','225.00 ',''),(1607,'10404990-00-P0004',NULL,'Broom','Broom (walis tambo), Jumbo','0','piece','0','126.00 ',NULL),(1608,'10404990-00-P0005',NULL,'Broom','Broom (waling ting-ting) jumbo, with handle','0','piece','0','103.00 ',NULL),(1609,'10404990-00-P0006',NULL,'Broom','Walis TING-TING\r\n*High quality, No black attaches to the stick\r\n* Use for cleaning outdoors or indoor.\r\n* Lightweight\r\n* 31inches in Height\r\n* 2.5 in width','0','piece','0','40.00 ',NULL),(1610,'10404990-00-P0007',NULL,'Detergent powder','all purpose, 1kg','5','bag','0','114.00 ',''),(1611,'10404990-00-P0008',NULL,'Dishwashing Liquid','Calamansi, (dwl green),1 GALLON','4','gallon','0','149.00 ',''),(1612,'10404990-00-P0009',NULL,'Dishwashing Liquid','(gallon, scented)','0','gallon','0','149.00 ',NULL),(1613,'10404990-00-P0010',NULL,'Dishwashing Liquid','Dishwashing Liquid, kalamansi, 780ml','3','bottle','1','228.00 ',''),(1614,'10404990-00-P0011',NULL,'Disinfectant Cleaner','Multipurpose Disinfectant Cleaner(1L)\r\nAll Purpose Cleaner Wild Lavender 1L','38','bottle','1','332.00 ',''),(1615,'10404990-00-P0012',NULL,'Disinfection Spray','at least 500ml','54','can','5','541.00 ',''),(1616,'10404990-00-P0013',NULL,'Durable plastic storage box','(155 liter)','0','piece','0','1,097.00 ',NULL),(1617,'10404990-00-P0014',NULL,'Extension Cord','(6 gang Universal Outlet), 5meters','0','unit','2','1,110.00 ',NULL),(1618,'10404990-00-P0015',NULL,'Facemask','disposable, 2 ply','7','box','2','52.00 ',''),(1619,'10404990-00-P0016',NULL,'Facemask','Color: BLACK\r\nFace Mask Mouth LVTA 3 Layer Protective Disposable Non-Woven Printed Series Adult Facemask','0','box','2','115.00 ','AD-HRDS'),(1620,'10404990-00-P0017',NULL,'Facemask','Color: WHITE\r\nFace Mask Mouth LVTA 3 Layer Protective Disposable Non-Woven Printed Series Adult Facemask	','0','box','2','115.00 ','AD-HRDS'),(1621,'10404990-00-P0020',NULL,'FlashDrive','128GB','0','piece','0','503.00 ',NULL),(1622,'10404990-00-P0021',NULL,'FlashDrive','4GB','0','piece','0','252.00 ',NULL),(1623,'10404990-00-P0022',NULL,'Furniture Polish','(300 ml)','53','can','5','364.00 ',''),(1624,'10404990-00-P0023',NULL,'GarbageBag','Garbage Bag (black, biodegradable, Medium 25\'s- 22inchesx24inches (10pieces per roll)','66','roll','1','86.00 ',''),(1625,'10404990-00-P0024',NULL,'GarbageBag','Black Garbage Bag Medium (22x24) 100 pieces/ pack','0','pack','1','280.00 ',NULL),(1626,'10404990-00-P0025',NULL,'GarbageBag','Black Garbage Bag Large (100 pieces/ pack)','0','pack','1','400.00 ',NULL),(1627,'10404990-00-P0026',NULL,'GarbageBag','Black Garbage Bag Large\r\nPE Heavy Duty Garbage Bag Trash Bag BLACK (XL)\r\nSIZES: XL- 30x37inches (100pieces/pack) 2XL- 37inches x 40inches (100pieces/pack) Color: Black','0','pack','1','606.00 ',NULL),(1628,'10404990-00-P0027',NULL,'Gloves','Rubber Coated','0','pair','0','46.00 ',NULL),(1629,'10404990-00-P0028',NULL,'Gloves','Latex disposable, Black','0','box','1','200.00 ',NULL),(1630,'10404990-00-P0029',NULL,'Gloves','disposable vinyl, medium size 100/box','0','box','1','200.00 ',NULL),(1631,'10404990-00-P0030',NULL,'HandSoap','Antibacterial Liquid Hand Soap 500 ML','462','bottle','5','80.00 ',''),(1632,'10404990-00-P0031',NULL,'HandSoap','Hand liquid Soap, at least 250ml','10','piece','5','58.00 ',''),(1633,'10404990-00-P0035',NULL,'INSECTICIDESPRAY','at least 500ml','21','can','12','326.00 ',''),(1634,'10404990-00-P0036',NULL,'KitchenTowel','All Purpose Kitchen Towel, 2-ply 150 sheets','18','roll','0','55.00 ',''),(1635,'10404990-00-P0040',NULL,'LiquidBleach','(gallon, multi purpose cleaner)','0','gallon','0','155.00 ',NULL),(1636,'10404990-00-P0041',NULL,'Lubricant','Multi Purpose Lubricant, WD-40 (412 ml)','3','can','0','423.00 ',''),(1637,'10404990-00-P0044',NULL,'PaperCutter','A4','4','piece','1','995.00 ',''),(1638,'10404990-00-P0045',NULL,'Papershredder','(5 sheets max), 11L waste bin','4','unit','1','2,487.00 ',''),(1639,'10404990-00-P0046',NULL,'PaperTowel','175 Pulls, Specifications:\r\n- 1 layer of 100% virgin pulp fibers.\r\n- 175 pulls = 175 sheets','0','pack','10','55.00 ',NULL),(1640,'10404990-00-P0047',NULL,'pieceBCleaner(1liter)','','0','can','0','378.00 ',NULL),(1641,'10404990-00-P0051',NULL,'RAGS','RAGS, ABSORBENT FABRIC','72','bundle','2','98.00 ',''),(1642,'10404990-00-P0055',NULL,'SCOURINGPAD','','0','piece','0','35.00 ',NULL),(1643,'10404990-00-P0056',NULL,'Sponge','Dye Free, Dual-Sided Sponge and Scrubber','0','piece','0','46.00 ',NULL),(1644,'10404990-00-P0058',NULL,'Tissue','Jumbo Tissue Roll (2 plys, 200m,16 rolls per box)','0','box','0','2,105.00 ',NULL),(1645,'10404990-00-P0059',NULL,'Tissue','2-Ply Unscented Facial Tissue','13','piece','0','138.00 ',''),(1646,'10404990-00-P0060',NULL,'TISSUE','TISSUE WET Bamboo Cleansing Wipes - 80 Sheets (1 Pack)','0','pack','0','147.00 ',NULL),(1647,'10404990-00-P0061',NULL,'Tissue','Tissue roll, jumbo','0','roll','0','98.00 ',NULL),(1648,'10404990-00-P0062',NULL,'TISSUE','TISSUE, INTERFOLDED PAPER TOWEL, 300 pulls','48','pack','0','252.00 ',''),(1649,'10404990-00-P0064',NULL,'Trashbag','Trashbag, large size, 10 pieces/pack/roll','10','pack','0','58.00 ',''),(1650,'10404990-00-P0065',NULL,'Trashbag','Trashbag, xl size, 10pieces/pack/roll','5','pack','0','86.00 ',''),(1651,'10404990-00-P0066',NULL,'Twine','Plastic Straw Twine','0','roll','2','81.00 ',NULL),(1652,'10404990-00-P0068',NULL,'VOICERECORDER','DIGITAL','0','unit','2','6,620.00 ',NULL),(1653,'10404010-00-01-368',NULL,'BATTERY','Dry cell, AAA, 2 pcs per blister pack','52','pack','5','18.34 ',''),(1654,'10404010-00-01-1248',NULL,'CALCULATOR','Compact','3','unit','2','217.24 ',''),(1655,'10404010-00-01-1243',NULL,'CLEARBOOK','A4, 20 transparent pockets','24','piece','2','35.16 ',''),(1656,'10404010-00-01-1242',NULL,'CLEARBOOK','Legal, 20 transparent pockets','24','piece','2','37.67 ',''),(1657,'10404010-00-01-1263',NULL,'CLIP','backfold, 19mm','234','box','12','11.13 ',''),(1658,'10404010-00-01-494',NULL,'CLIP','backfold, 25mm','100','box','12','19.61 ',''),(1659,'10404010-00-01-332',NULL,'CORRECTIONTAPE','','0','piece','10','20.63 ',NULL),(1660,'10404010-00-01-1219',NULL,'DATAFILEBOX','made of chipboard, wih closed ends','0','box','0','145.89 ',''),(1661,'10404010-00-01-034',NULL,'ENVELOPE','Expanding, Kraftboard, Legal','1','box','1','939.95 ','ORED-MBSCMO'),(1662,'10404010-00-01-033',NULL,'ENVELOPE','Expanding, Plastic','47','piece','2','82.49 ',''),(1663,'10404010-00-01-674',NULL,'ENVELOPE','Mailing with window','3','box','1','433.68 ',''),(1664,'10404010-00-01-035',NULL,'ERASER','Felt, for blackboard / whiteboard','1','piece','1','20.89 ',NULL),(1665,'10404010-00-01-1247',NULL,'ERASER','plastic/rubber','40','piece','2','9.20 ',''),(1666,'10404010-00-01-040',NULL,'FILEORGANIZER','expanding, plastic, 12 pockets','48','piece','5','90.20 ',''),(1667,'10404010-00-01-041',NULL,'FLASHDRIVE','16GB','169','piece','5','166.40 ',''),(1668,'10404010-00-01-1221',NULL,'FOLDER','with tab, A4','10','pack','1','379.60 ',''),(1669,'10404010-00-01-280',NULL,'FOLDER','with tab, legal','11','pack','1','306.31 ',''),(1670,'10404010-00-01-047',NULL,'INDEXTAB','self-adhesive, transparent','55','box','5','67.06 ',''),(1671,'10404010-00-01-065',NULL,'MARKER','Fluorescent, 3 Assorted colors per set','36','set','3','37.80 ',''),(1672,'10404010-00-01-075',NULL,'NOTEPAD','3x3in, stick on, 76x76mm','274','pad','12','51.93 ',''),(1673,'10404010-00-01-076',NULL,'NOTEBOOK','Stenographer, spiral','20','pad','5','19.89 ',''),(1674,'10404010-00-01-084',NULL,'PAPER','Pad, Ruled, 216x330mm','1','pad','0','29.73 ',''),(1675,'10404010-00-01-1248',NULL,'PAPERCLIP','vinyl/plastic coated, 33mm','56','box','5','8.84 ',''),(1676,'10404010-00-01-082',NULL,'PAPER','Multicopy, A4, 80gsm, 210x297mm','186','ream','15','213.80 ',''),(1677,'10404010-00-01-083',NULL,'PAPER','Multicopy, Legal, 80gsm, 216mm x 330mm','76','ream','15','232.96 ',''),(1678,'10404010-00-01-801',NULL,'PENCILSHARPENER','Manual, single cutter head','6','piece','2','225.08 ',''),(1679,'10404010-00-01-1212',NULL,'PENCIL','lead, with eraser, 12pcs/box','22','box','2','44.71 ',''),(1680,'10404010-00-01-373',NULL,'PRINTER','Laser, Monochrome','1','unit','0','9,201.92 ',''),(1681,'10404010-00-01-092',NULL,'RECORDBOOK','300 pages','364','book','5','74.72 ',''),(1682,'10404010-00-01-287',NULL,'RECORDBOOK','500 pages','119','book','5','121.46 ',''),(1683,'10404010-00-01-374',NULL,'SCISSORS','Symmetrical Blade, 70mm','0','pair','5','33.37 ',NULL),(1684,'10404010-00-01-452',NULL,'SIGNPEN','Black, liquid/gel ink, 0.5mm','0','piece','12','30.45 ',NULL),(1685,'10404010-00-01-453',NULL,'SIGNPEN','Blue, liquid/gel ink, 0.5mm','33','piece','12','29.17 ',''),(1686,'10404010-00-01-454',NULL,'SIGNPEN','Red, liquid/gel ink, 0.5mm','37','piece','12','30.45 ',''),(1687,'10404010-00-01-1218',NULL,'STAMPPADINK','purple or violet','17','bottle','3','28.79 ',''),(1688,'10404010-00-01-800',NULL,'STAMPPAD','Felt, bed, 60x100mm','4','pad','2','41.39 ',''),(1689,'10404010-00-01-1217',NULL,'STAPLEREMOVER','plier-type','19','piece','2','46.51 ',''),(1690,'10404010-00-01-104',NULL,'STAPLEWIRE','for heavy duty staplers 23/13','52','box','2','24.75 ',''),(1691,'10404010-00-01-105',NULL,'STAPLEWIRE','Standard, 26/6','102','box','10','28.68 ',''),(1692,'10404010-00-01-106',NULL,'STAPLER','Standard Type, 200 staples','31','piece','5','143.39 ',''),(1693,'10404010-00-01-1213',NULL,'SCISSORS','Symmetrical Blade, 65mm','22','pair','5','65.52 ',''),(1694,'10404010-00-01-108',NULL,'TAPE','Masking, 24mm','493','roll','12','61.88 ',''),(1695,'10404010-00-01-111',NULL,'TAPE','Transparent, 24mm','253','roll','12','11.37 ',''),(1696,'10404010-00-01-107',NULL,'TAPE DISPENSER','Table Top, for 24mm width tape','5','piece','3','79.47 ',''),(1697,'10404990-00-321',NULL,'AIR FRESHENER','Aerosol, 280ml','26','can','12','91.89 ',''),(1698,'10404990-00-985',NULL,'ALCOHOL','Ethyl, 68%-72%, 1 gallon','33','gal','4','357.06 ',''),(1699,'10404990-00-2341',NULL,'COMPUTERMOUSE','wireless','0','unit','1','161.92 ',NULL),(1700,'10404990-00-2768',NULL,'DATING AND STAMPING MACHINE','heavy duty','6','piece','1','425.78 ',''),(1701,'10404990-00-2342',NULL,'FLASHDRIVE','64GB capacity','64','unit','5','152.74 ',''),(1702,'10404990-00-815',NULL,'LIQUID HAND SANITIZER','500mL','34','bottle','5','85.08 ',''),(1703,'10404990-00-1153',NULL,'PAPER TRIMMER/CUTTING MACHINE','table top','1','unit','0','9,297.60 ',''),(1704,'10404990-00-993',NULL,'THERMOGUN','','8','unit','0','2,481.70 ',''),(1705,'10404990-00-2340',NULL,'TOILETTISSUEPAPER','2-ply sheets, 12rolls/pack, 8packs/box','82','pack','8','100.51 ',''),(1706,'10404990-00-319',NULL,'TWINE','Plastic, 1kg per roll','25','roll','2','73.07 ','');
/*!40000 ALTER TABLE `stock` ENABLE KEYS */;
UNLOCK TABLES;

--
-- Table structure for table `stock_txn`
--

DROP TABLE IF EXISTS `stock_txn`;
/*!40101 SET @saved_cs_client     = @@character_set_client */;
/*!50503 SET character_set_client = utf8mb4 */;
CREATE TABLE `stock_txn` (
  `stock_txn_id` int(20) NOT NULL AUTO_INCREMENT,
  `user_id` varchar(200) CHARACTER SET latin1 COLLATE latin1_swedish_ci DEFAULT NULL,
  `stock_id` varchar(200) CHARACTER SET latin1 COLLATE latin1_swedish_ci DEFAULT NULL,
  `amount` varchar(200) DEFAULT NULL,
  `division` varchar(200) CHARACTER SET latin1 COLLATE latin1_swedish_ci DEFAULT NULL,
  `quantity` varchar(200) CHARACTER SET latin1 COLLATE latin1_swedish_ci DEFAULT NULL,
  `timestamp` varchar(200) CHARACTER SET latin1 COLLATE latin1_swedish_ci DEFAULT NULL,
  `activity` varchar(200) CHARACTER SET latin1 COLLATE latin1_swedish_ci DEFAULT NULL,
  `remarks` varchar(200) CHARACTER SET latin1 COLLATE latin1_swedish_ci DEFAULT NULL,
  `old` varchar(20) DEFAULT NULL,
  PRIMARY KEY (`stock_txn_id`)
) ENGINE=InnoDB AUTO_INCREMENT=220 DEFAULT CHARSET=utf8mb4 COLLATE=utf8mb4_unicode_ci;
/*!40101 SET character_set_client = @saved_cs_client */;

--
-- Dumping data for table `stock_txn`
--

LOCK TABLES `stock_txn` WRITE;
/*!40000 ALTER TABLE `stock_txn` DISABLE KEYS */;
INSERT INTO `stock_txn` VALUES (153,'6','1406',NULL,'AD-CASH','2','February 26, 2025 1:04:pm  ','Stock Out','New count: 12<br> RIS No.: 2025-02-003',NULL),(154,'6','1425',NULL,'FD-BUDGET','50','February 26, 2025 1:04:pm  ','Stock Out','New count: 123<br> RIS No.: 2025-02-001',NULL),(155,'6','1686',NULL,'FD-BUDGET','5','February 26, 2025 1:04:pm  ','Stock Out','New count: 40<br> RIS No.: 2025-02-001',NULL),(156,'6','1554',NULL,'ARD-TS','1','February 26, 2025 1:05:pm  ','Stock Out','New count: 14<br> RIS No.: 2025-02-002',NULL),(157,'6','1438',NULL,'ARD-TS','2','February 26, 2025 1:05:pm  ','Stock Out','New count: 61<br> RIS No.: 2025-02-002',NULL),(158,'6','1578',NULL,'ARD-TS','4','February 26, 2025 1:05:pm  ','Stock Out','New count: 92<br> RIS No.: 2025-02-002',NULL),(159,'6','1624',NULL,'ARD-TS','5','February 26, 2025 1:05:pm  ','Stock Out','New count: 66<br> RIS No.: 2025-02-002',NULL),(160,'6','1613',NULL,'ARD-TS','2','February 26, 2025 2:29:pm  ','Stock Out','New count: 3<br> RIS No.: 2025-02-002',NULL),(161,'6','1597',NULL,'AD-OAD','5','February 26, 2025 3:16:pm  ','Stock Out','New count: 204<br> RIS No.: 2025-02-004',NULL),(162,'6','1451',NULL,'AD-OAD','2','February 26, 2025 3:36:pm  ','Stock Out','New count: 280<br> RIS No.: 2025-02-005',NULL),(163,'6','1457',NULL,'AD-OAD','1','February 26, 2025 3:36:pm  ','Stock Out','New count: 28<br> RIS No.: 2025-02-005',NULL),(164,'6','1645',NULL,'AD-OAD','2','February 26, 2025 3:36:pm  ','Stock Out','New count: 16<br> RIS No.: 2025-02-005',NULL),(165,'6','1583',NULL,'AD-OAD','12','February 26, 2025 3:36:pm  ','Stock Out','New count: 48<br> RIS No.: 2025-02-006',NULL),(166,'6','1391',NULL,'ORED-ORED','1','February 27, 2025 8:35:am  ','Stock Out','New count: 0<br> RIS No.: 2025-02-007',NULL),(167,'6','1410',NULL,'ARD-TS','5','February 27, 2025 10:14:am  ','Stock Out','New count: 4<br> RIS No.: 2025-02-008',NULL),(168,'6','1676',NULL,'ARD-TS','3','February 27, 2025 10:14:am  ','Stock Out','New count: 196<br> RIS No.: 2025-02-008',NULL),(169,'6','1648',NULL,'ARD-TS','20','February 27, 2025 10:14:am  ','Stock Out','New count: 129<br> RIS No.: 2025-02-008',NULL),(170,'6','1568',NULL,'ARD-TS','10','February 27, 2025 10:14:am  ','Stock Out','New count: 40<br> RIS No.: 2025-02-008',NULL),(171,'6','1645',NULL,'AD-PS','2','February 27, 2025 10:14:am  ','Stock Out','New count: 14<br> RIS No.: 2025-02-009',NULL),(172,'6','1648',NULL,'ORED-ORED','5','February 27, 2025 3:57:pm  ','Stock Out','New count: 124<br> RIS No.: 2025-02-010',NULL),(173,'6','1705',NULL,'ORED-ORED','5','February 27, 2025 3:57:pm  ','Stock Out','New count: 82<br> RIS No.: 2025-02-010',NULL),(174,'6','1597',NULL,'ORED-ORED','5','February 27, 2025 3:57:pm  ','Stock Out','New count: 199<br> RIS No.: 2025-02-010',NULL),(175,'6','1676',NULL,'FD-BUDGET','10','February 28, 2025 9:01:am  ','Stock Out','New count: 186<br> RIS No.: 2025-02-011',NULL),(176,'6','1611',NULL,'ORED-ORED','1','February 28, 2025 9:01:am  ','Stock Out','New count: 4<br> RIS No.: 2025-02-012',NULL),(177,'6','1631',NULL,'ORED-ORED','3','February 28, 2025 9:01:am  ','Stock Out','New count: 464<br> RIS No.: 2025-02-012',NULL),(178,'6','1454',NULL,'ORED-ORED','2','February 28, 2025 9:02:am  ','Stock Out','New count: 22<br> RIS No.: 2025-02-012',NULL),(179,'6','1693',NULL,'ORED-ORED','1','February 28, 2025 9:02:am  ','Stock Out','New count: 22<br> RIS No.: 2025-02-012',NULL),(180,'6','1416',NULL,'LPDD-PDS','2','February 28, 2025 11:10:am  ','Stock Out','New count: 17<br> RIS No.: 2025-02-013',NULL),(181,'6','1675',NULL,'LPDD-PDS','5','February 28, 2025 11:10:am  ','Stock Out','New count: 58<br> RIS No.: 2025-02-013',NULL),(182,'6','1666',NULL,'LPDD-PDS','2','February 28, 2025 11:10:am  ','Stock Out','New count: 48<br> RIS No.: 2025-02-013',NULL),(183,'6','1615',NULL,'LPDD-PDS','2','February 28, 2025 11:10:am  ','Stock Out','New count: 56<br> RIS No.: 2025-02-013',NULL),(184,'6','1555',NULL,'LPDD-PDS','1','February 28, 2025 11:10:am  ','Stock Out','New count: 9<br> RIS No.: 2025-02-013',NULL),(185,'6','1537',NULL,'LPDD-PDS','5','February 28, 2025 11:10:am  ','Stock Out','New count: 102<br> RIS No.: 2025-02-013',NULL),(186,'6','1431',NULL,'LPDD-PDS','3','February 28, 2025 11:11:am  ','Stock Out','New count: 12<br> RIS No.: 2025-02-013',NULL),(187,'6','1398',NULL,'LPDD-PDS','5','February 28, 2025 11:11:am  ','Stock Out','New count: 50<br> RIS No.: 2025-02-013',NULL),(188,'6','1645',NULL,'AD-PS','1','February 28, 2025 11:47:am  ','Stock Out','New count: 13<br> RIS No.: 2025-02-014',NULL),(189,'6','1615',NULL,'AD-PS','2','February 28, 2025 11:47:am  ','Stock Out','New count: 54<br> RIS No.: 2025-02-015',NULL),(190,'6','1648',NULL,'ARD-TS','10','February 28, 2025 2:00:pm  ','Stock Out','New count: 114<br> RIS No.: 2025-02-016',NULL),(191,'6','1648',NULL,'FD-BUDGET','30','February 28, 2025 2:10:pm  ','Stock Out','New count: 84<br> RIS No.: 2025-02-017',NULL),(192,'6','1425',NULL,'FD-BUDGET','100','February 28, 2025 2:15:pm  ','Stock Out','New count: 23<br> RIS No.: 2025-02-018',NULL),(193,'6','1633',NULL,'LPDD-PDS','2','March 3, 2025 12:51:pm  ','Stock Out','New count: 22<br> RIS No.: 2025-03-022',NULL),(194,'6','1648',NULL,'ARD-MS','12','March 3, 2025 12:51:pm  ','Stock Out','New count: 72<br> RIS No.: 2025-03-019',NULL),(195,'6','1577',NULL,'ARD-MS','6','March 3, 2025 12:51:pm  ','Stock Out','New count: 44<br> RIS No.: 2025-03-020',NULL),(196,'6','1633',NULL,'ARD-MS','1','March 3, 2025 12:51:pm  ','Stock Out','New count: 21<br> RIS No.: 2025-03-021',NULL),(197,'6','1695',NULL,'ARD-MS','6','March 3, 2025 12:51:pm  ','Stock Out','New count: 278<br> RIS No.: 2025-03-021',NULL),(198,'6','1686',NULL,'AD-PS','3','March 3, 2025 1:30:pm  ','Stock Out','New count: 37<br> RIS No.: 2025-03-024',NULL),(199,'6','1468',NULL,'PMD-RICTU','3','March 3, 2025 1:30:pm  ','Stock Out','New count: 68<br> RIS No.: 2025-03-023',NULL),(200,'6','1469',NULL,'PMD-RICTU','3','March 3, 2025 1:30:pm  ','Stock Out','New count: 31<br> RIS No.: 2025-03-023',NULL),(201,'6','1470',NULL,'PMD-RICTU','3','March 3, 2025 1:30:pm  ','Stock Out','New count: 31<br> RIS No.: 2025-03-023',NULL),(202,'6','1471',NULL,'PMD-RICTU','3','March 3, 2025 1:30:pm  ','Stock Out','New count: 31<br> RIS No.: 2025-03-023',NULL),(203,'6','1648',NULL,'ORED-MBSCMO','9','March 3, 2025 3:22:pm  ','Stock Out','New count: 63<br> RIS No.: 2025-03-026',NULL),(204,'6','1537',NULL,'AD-CASH','2','March 3, 2025 3:22:pm  ','Stock Out','New count: 100<br> RIS No.: 2025-03-025',NULL),(205,'6','1538',NULL,'AD-CASH','2','March 3, 2025 3:22:pm  ','Stock Out','New count: 9<br> RIS No.: 2025-03-025',NULL),(206,'6','1424',NULL,'FD-BUDGET','300','March 3, 2025 3:30:pm  ','Stock Out','New count: 50<br> RIS No.: 2025-03-027',NULL),(207,'6','1423',NULL,'FD-BUDGET','100','March 3, 2025 3:30:pm  ','Stock Out','New count: 33<br> RIS No.: 2025-03-028',NULL),(208,'6','1631',NULL,'FD-BUDGET','2','March 3, 2025 4:04:pm  ','Stock Out','New count: 462<br> RIS No.: 2025-03-029',NULL),(209,'6','1587',NULL,'FD-BUDGET','3','March 3, 2025 4:39:pm  ','Stock Out','New count: 50<br> RIS No.: 2025-03-030',NULL),(210,'6','1695',NULL,'FD-BUDGET','5','March 4, 2025 10:30:am  ','Stock Out','New count: 273<br> RIS No.: 2025-03-031',NULL),(211,'6','1618',NULL,'AD-HRDS','1','March 5, 2025 3:36:pm  ','Stock Out','New count: 7<br> RIS No.: 2025-03-032',NULL),(212,'6','1396',NULL,'PMD-RICTU','30','March 6, 2025 1:28:pm  ','Stock Out','New count: 50<br> RIS No.: 2025-03-034',NULL),(213,'6','1398',NULL,'PMD-RICTU','4','March 6, 2025 1:28:pm  ','Stock Out','New count: 46<br> RIS No.: 2025-03-034',NULL),(214,'6','1675',NULL,'PMD-RICTU','2','March 6, 2025 1:28:pm  ','Stock Out','New count: 56<br> RIS No.: 2025-03-034',NULL),(215,'6','1390',NULL,'SMD-OSMD','20','March 6, 2025 2:43:pm  ','Stock Out','New count: 1024<br> RIS No.: 2025-03-033',NULL),(216,'6','1638',NULL,'SMD-OSMD','1','March 6, 2025 2:43:pm  ','Stock Out','New count: 4<br> RIS No.: 2025-03-035',NULL),(217,'6','1695',NULL,'SMD-OSMD','20','March 6, 2025 2:43:pm  ','Stock Out','New count: 253<br> RIS No.: 2025-03-035',NULL),(218,'6','1660',NULL,'SMD-OSMD','5','March 6, 2025 2:43:pm  ','Stock Out','New count: 0<br> RIS No.: 2025-03-035',NULL),(219,'6','1648',NULL,'ORED-ORED','15','March 10, 2025 9:32:am  ','Stock Out','New count: 48<br> RIS No.: 2025-03-036',NULL);
/*!40000 ALTER TABLE `stock_txn` ENABLE KEYS */;
UNLOCK TABLES;

--
-- Table structure for table `user`
--

DROP TABLE IF EXISTS `user`;
/*!40101 SET @saved_cs_client     = @@character_set_client */;
/*!50503 SET character_set_client = utf8mb4 */;
CREATE TABLE `user` (
  `user_id` int(20) NOT NULL AUTO_INCREMENT,
  `first_name` varchar(200) CHARACTER SET latin1 COLLATE latin1_swedish_ci DEFAULT NULL,
  `middle_name` varchar(200) CHARACTER SET latin1 COLLATE latin1_swedish_ci DEFAULT NULL,
  `last_name` varchar(200) CHARACTER SET latin1 COLLATE latin1_swedish_ci DEFAULT NULL,
  `birthdate` varchar(200) CHARACTER SET latin1 COLLATE latin1_swedish_ci DEFAULT NULL,
  `email` varchar(200) CHARACTER SET latin1 COLLATE latin1_swedish_ci DEFAULT NULL,
  `contact` varchar(200) CHARACTER SET latin1 COLLATE latin1_swedish_ci DEFAULT NULL,
  `division` varchar(200) CHARACTER SET latin1 COLLATE latin1_swedish_ci DEFAULT NULL,
  `username` varchar(200) CHARACTER SET latin1 COLLATE latin1_swedish_ci DEFAULT NULL,
  `password` varchar(200) CHARACTER SET latin1 COLLATE latin1_swedish_ci DEFAULT NULL,
  `status` varchar(200) CHARACTER SET latin1 COLLATE latin1_swedish_ci DEFAULT NULL,
  PRIMARY KEY (`user_id`),
  UNIQUE KEY `user_id` (`user_id`)
) ENGINE=InnoDB AUTO_INCREMENT=60 DEFAULT CHARSET=utf8mb4 COLLATE=utf8mb4_unicode_ci;
/*!40101 SET character_set_client = @saved_cs_client */;

--
-- Dumping data for table `user`
--

LOCK TABLES `user` WRITE;
/*!40000 ALTER TABLE `user` DISABLE KEYS */;
INSERT INTO `user` VALUES (1,'GENERAL SERVICES SECTION',NULL,NULL,NULL,NULL,NULL,'AD-GSS','ad.gss','gnrlsrvcs','1'),(2,'RECORDS UNIT',NULL,NULL,NULL,NULL,NULL,'AD-RECS','ad.recs','records1','1'),(3,'ADMINISTRATIVE DIVISION',NULL,NULL,NULL,NULL,NULL,'AD-OAD','ad.oad','adm2025','1'),(4,'CASHIER SECTION',NULL,NULL,NULL,NULL,NULL,'AD-CASH','ad.cash','cashi3r','1'),(5,'PERSONNEL SECTION',NULL,NULL,NULL,NULL,NULL,'AD-PERSONNEL','ad.personnel','p3rsonn3l','1'),(6,'PROCUREMENT SECTION',NULL,NULL,NULL,NULL,NULL,'AD-PS','ad.ps','2025proc','1'),(7,'HUMAN RESOURCE DEVELOPMENT SECTION',NULL,NULL,NULL,NULL,NULL,'AD-HRDS','ad.hrds','hrds3','1'),(8,'COMMISSION ON AUDIT',NULL,NULL,NULL,NULL,NULL,'COA-COA','coa.coa','coa3','1'),(9,'PRODUCTION FOREST MANAGEMENT SECTION',NULL,NULL,NULL,NULL,NULL,'CDD-PFMS','cdd.pfms','forest1','1'),(10,'LAS PIAS PARANAQUE WETLAND PARK',NULL,NULL,NULL,NULL,NULL,'CDD-LPPWP','cdd.lppwp','w3tland','1'),(11,'PROTECTED AREAS MANAGEMENT AND BIODIVERSITY SECTION',NULL,NULL,NULL,NULL,NULL,'CDD-PAMBS','cdd.pambs','protect3d','1'),(12,'COASTAL RESOURCES AND FORESHORE MANAGEMENT SECTION',NULL,NULL,NULL,NULL,NULL,'CDD-CRFMS','cdd.crfms','4shore','1'),(13,'CONSERVATION AND DEVELOPMENT DIVISION',NULL,NULL,NULL,NULL,NULL,'CDD-OCDD','cdd.ocdd','conserv3','1'),(14,'ENFORCEMENT DIVISION',NULL,NULL,NULL,NULL,NULL,'ED-OED','ed.oed','3nforcement','1'),(15,'PORT INTEGRATED CLEARANCE OFFICE',NULL,NULL,NULL,NULL,NULL,'ED-PICO','ed.pico','port2025','1'),(16,'COMPLIANCE MONITORING AND INVESTIGATION SECTION',NULL,NULL,NULL,NULL,NULL,'ED-CMIS','ed.cmis','cm1s','1'),(17,'SURVEILLANCE AND INTELLIGENCE SECTION',NULL,NULL,NULL,NULL,NULL,'ED-SIS','ed.sis','int3l','1'),(18,'WILDLIFE TRAFFIC MONITORING UNIT',NULL,NULL,NULL,NULL,NULL,'ED-WTMU','ed.wtmu','w1ld','1'),(19,'BUDGET SECTION',NULL,NULL,NULL,NULL,NULL,'FD-BUDGET','fd.budget','bdg3t','1'),(20,'ACCOUNTING SECTION',NULL,NULL,NULL,NULL,NULL,'FD-ACCOUNTING','fd.accounting','acct6','1'),(21,'FINANCE DIVISION',NULL,NULL,NULL,NULL,NULL,'FD-OFD','fd.ofd','fin4nce','1'),(22,'LEGAL DIVISION',NULL,NULL,NULL,NULL,NULL,'LD-OLD','ld.old','l3gal','1'),(23,'FOREST UTILIZATION SECTION',NULL,NULL,NULL,NULL,NULL,'LPDD-FUS','lpdd.fus','for3st','1'),(24,'LICENSES, PATENTS AND DEEDS DIVISION',NULL,NULL,NULL,NULL,NULL,'LPDD-OLPDD','lpdd.olpdd','pat3nts','1'),(25,'PATENTS AND DEEDS SECTION',NULL,NULL,NULL,NULL,NULL,'LPDD-PDS','lpdd.pds','d33ds','1'),(26,'WILDLIFE RESOURCE PERMITTING SECTION',NULL,NULL,NULL,NULL,NULL,'LPDD-WRPS','lpdd.wrps','p3rm1t','1'),(27,'WATER RESOURCE AND UTILIZATION SECTION',NULL,NULL,NULL,NULL,NULL,'LPDD-WRUS','lpdd.wrus','w4ter','1'),(28,'LAND RECORDS UNIT',NULL,NULL,NULL,NULL,NULL,'LPDD-RECS','lpdd.recs','recs2025','1'),(29,'METROPOLITAN ENVIRONMENTAL OFFICE - SOUTH',NULL,NULL,NULL,NULL,NULL,'MEO-S','meo.s','m3os','1'),(30,'METROPOLITAN ENVIRONMENTAL OFFICE - WEST',NULL,NULL,NULL,NULL,NULL,'MEO-W','meo.w','meow','1'),(31,'METROPOLITAN ENVIRONMENTAL OFFICE - NORTH',NULL,NULL,NULL,NULL,NULL,'MEO-N','meo.n','nmeo','1'),(32,'METROPOLITAN ENVIRONMENTAL OFFICE - EAST',NULL,NULL,NULL,NULL,NULL,'MEO-E','meo.e','meeo','1'),(33,'OFFICE OF THE ASSISTANT REGIONAL DIRECTOR FOR MANAGEMENT DIVISION',NULL,NULL,NULL,NULL,NULL,'ARD-MS','ard.ms','ard1ms','1'),(34,'OFFICE OF THE ASSISTANT REGIONAL DIRECTOR FOR TECHNICAL SERVICES',NULL,NULL,NULL,NULL,NULL,'ARD-TS','ard.ts','ard3ts','1'),(35,'OPERATION CENTER',NULL,NULL,NULL,NULL,NULL,'ORED-OPCEN','ored.opcen','opc7','1'),(36,'MANILA BAY SITE COORDINATING/MANAGEMENT OFFICE',NULL,NULL,NULL,NULL,NULL,'ORED-MBSCMO','ored.mbscmo','mnlbay','1'),(37,'OFFICE OF THE REGIONAL EXECUTIVE DIRECTOR',NULL,NULL,NULL,NULL,NULL,'ORED-ORED','ored.ored','or3d2025','1'),(38,'REGIONAL STRATEGIC COMMUNICATION AND INITIATIVES GROUP',NULL,NULL,NULL,NULL,NULL,'ORED-RSCIG','ored.rscig','rsc16','1'),(39,'REGIONAL ACTION CENTER',NULL,NULL,NULL,NULL,NULL,'ORED-RAC','ored.rac','r4c','1'),(40,'ENVIRONMENTAL ENFORCEMENT DIVISION - PRCMO',NULL,NULL,NULL,NULL,NULL,'PRCMO-EED','prcmo.eed','w1ll','1'),(41,'WATER QUALITY AND WASTE MANAGEMENT DIVISION - PRCMO',NULL,NULL,NULL,NULL,NULL,'PRCMO-WQWMD','prcmo.wqwmd','w4t3r','1'),(42,'PUBLIC INFORMATION AND ADVOCACY UNIT - PRCMO',NULL,NULL,NULL,NULL,NULL,'PRCMO-PIAU','prcmo.piau','browny','1'),(43,'ADMINISTRATIVE UNIT - PRCMO',NULL,NULL,NULL,NULL,NULL,'PRCMO-AU','prcmo.au','bruce','1'),(44,'PLANNING AND PROGRAMMING SECTION',NULL,NULL,NULL,NULL,NULL,'PMDS-PPS','pmds.pps','pprogs','1'),(45,'MONITORING AND EVALUATION SECTION',NULL,NULL,NULL,NULL,NULL,'PMD-MES','pmd.mes','mevs','1'),(46,'REGIONAL INFORMATION COMMUNICATION TECHNOLOGY UNIT',NULL,NULL,NULL,NULL,NULL,'PMD-RICTU','pmd.rictu','r1c2','1'),(47,'PLANNING AND MANAGEMENT DIVISION',NULL,NULL,NULL,NULL,NULL,'PMD-OPMD','pmd.opmd','plann1ng','1'),(48,'LAND ADMINISTRATIVE SYSTEMS',NULL,NULL,NULL,NULL,NULL,'SMD-LAS','smd.las','lams','1'),(49,'SURVEY AND CONTROL SECTION',NULL,NULL,NULL,NULL,NULL,'SMD-SCS','smd.scs','surv3y','1'),(50,'LAND EVALUATION SURVEY SECTION',NULL,NULL,NULL,NULL,NULL,'SMD-LESS','smd.less','l3ss','1'),(51,'AGGREGATE SURVEY AND CORRECTION SECTION',NULL,NULL,NULL,NULL,NULL,'SMD-ASCS','smd.ascs','ascs1','1'),(52,'ORIGINAL & OTHER SURVEYS SECTION',NULL,NULL,NULL,NULL,NULL,'SMD-OOSS','smd.ooss','origss','1'),(53,'LAND RECORDS SECTION',NULL,NULL,NULL,NULL,NULL,'SMD-LRS','smd.lrs','lrecs','1'),(54,'SURVEYS AND MAPPING DIVISION',NULL,NULL,NULL,NULL,NULL,'SMD-OSMD','smd.osmd','2025smd','1'),(59,'PROCUREMENT SECTION',NULL,NULL,NULL,NULL,NULL,'AD-PS','sc.ps','2025proc.sc','1');
/*!40000 ALTER TABLE `user` ENABLE KEYS */;
UNLOCK TABLES;

--
-- Table structure for table `wishlist`
--

DROP TABLE IF EXISTS `wishlist`;
/*!40101 SET @saved_cs_client     = @@character_set_client */;
/*!50503 SET character_set_client = utf8mb4 */;
CREATE TABLE `wishlist` (
  `id` int(20) NOT NULL AUTO_INCREMENT,
  `stock_id` varchar(200) DEFAULT NULL,
  `product_name` varchar(200) DEFAULT NULL,
  `product_description` text DEFAULT NULL,
  `requested_by` varchar(200) DEFAULT NULL,
  `date_requested` varchar(200) DEFAULT NULL,
  `remarks` varchar(200) DEFAULT NULL,
  `status` varchar(200) DEFAULT NULL,
  PRIMARY KEY (`id`)
) ENGINE=InnoDB AUTO_INCREMENT=11 DEFAULT CHARSET=utf8mb4 COLLATE=utf8mb4_general_ci;
/*!40101 SET character_set_client = @saved_cs_client */;

--
-- Dumping data for table `wishlist`
--

LOCK TABLES `wishlist` WRITE;
/*!40000 ALTER TABLE `wishlist` DISABLE KEYS */;
INSERT INTO `wishlist` VALUES (1,'1661','ENVELOPE','Expanding, Kraftboard, Legal','ORED-MBSCMO','February 27, 2025 10:06:am  ','for documentation of CSW files ','Pending'),(2,'1425','DATAFOLDER','Folder long with built-in Tagia lock- Red','FD-BUDGET','February 28, 2025 3:29:pm  ','800 piece  data folder long BLUE.. for filing documents submit to COA.. ','Pending'),(3,'1419','CutterBlade','For Heavy Duty Cutter','ARD-MS','March 3, 2025 6:55:am  ','Please refill, Thanks','Pending'),(4,'1452','GelPen','0.5 (Blue)','ARD-MS','March 3, 2025 6:56:am  ','Please refill, Thanks','Pending'),(5,'1561','Signpen','blue 0.5mm','ARD-MS','March 3, 2025 6:59:am  ','Please refill, Thanks','Pending'),(6,'1619','Facemask','Color: BLACK\r\nFace Mask Mouth LVTA 3 Layer Protective Disposable Non-Woven Printed Series Adult Facemask','AD-HRDS','March 5, 2025 9:03:am  ','requesting for 1 box','Pending'),(7,'1620','Facemask','Color: WHITE\r\nFace Mask Mouth LVTA 3 Layer Protective Disposable Non-Woven Printed Series Adult Facemask	','AD-HRDS','March 5, 2025 9:04:am  ','requesting for 1 box','Pending'),(8,'1430','ENVELOPE','Documentary, legal','SMD-OSMD','March 5, 2025 4:22:pm  ','20 pc.','Pending'),(9,'1660','DATAFILEBOX','made of chipboard, wih closed ends','SMD-OSMD','March 6, 2025 2:32:pm  ','15','Completed'),(10,'1472','Ink','refill Epson 664 - Black','CDD-CRFMS','March 7, 2025 11:03:am  ','1','Pending');
/*!40000 ALTER TABLE `wishlist` ENABLE KEYS */;
UNLOCK TABLES;

--
-- Dumping routines for database 'consumables'
--
/*!40103 SET TIME_ZONE=@OLD_TIME_ZONE */;

/*!40101 SET SQL_MODE=@OLD_SQL_MODE */;
/*!40014 SET FOREIGN_KEY_CHECKS=@OLD_FOREIGN_KEY_CHECKS */;
/*!40014 SET UNIQUE_CHECKS=@OLD_UNIQUE_CHECKS */;
/*!40101 SET CHARACTER_SET_CLIENT=@OLD_CHARACTER_SET_CLIENT */;
/*!40101 SET CHARACTER_SET_RESULTS=@OLD_CHARACTER_SET_RESULTS */;
/*!40101 SET COLLATION_CONNECTION=@OLD_COLLATION_CONNECTION */;
/*!40111 SET SQL_NOTES=@OLD_SQL_NOTES */;

-- Dump completed on 2025-03-10 14:05:30
